Country Name,Country Code,Indicator Name,Indicator Code,1960,1961,1962,1963,1964,1965,1966,1967,1968,1969,1970,1971,1972,1973,1974,1975,1976,1977,1978,1979,1980,1981,1982,1983,1984,1985,1986,1987,1988,1989,1990,1991,1992,1993,1994,1995,1996,1997,1998,1999,2000,2001,2002,2003,2004,2005,2006,2007,2008,2009,2010,2011,2012,2013,2014,2015,2016,2017,2018,2019,2020,2021,2022
Aruba,ABW,"Mortality rate, infant, male (per 1,000 live births)",SP.DYN.IMRT.MA.IN,,,,,,,,,,,,,,,,,,,,,,,,,,,,,,,,,,,,,,,,,,,,,,,,,,,,,,,,,,,,,,,
Africa Eastern and Southern,AFE,"Mortality rate, infant, male (per 1,000 live births)",SP.DYN.IMRT.MA.IN,,,,,,,,,,,,,,,,,,,,,,,,,,,,,,,109.7658904,108.6601733,107.6126547,106.6072277,106.7986355,103.8580642,102.2939529,100.5829551,98.20655694,95.63681392,92.86636469,89.71976635,86.52039165,83.21901339,79.93554772,76.81933215,73.95476971,71.13175055,68.37742894,65.9224232,63.63610661,61.43369844,59.39831037,57.53541029,55.8547752,54.25833606,52.77161978,51.2585264,49.79666479,48.49219443,47.35647745,46.21310202,
Afghanistan,AFG,"Mortality rate, infant, male (per 1,000 live births)",SP.DYN.IMRT.MA.IN,,,,239.5,235.5,231.5,227.3,223.1,219.3,215.2,211.3,207.3,203.5,199.2,195.3,191.3,187.1,182.8,178.4,174.3,169.8,165.3,160.8,156.3,152,147.8,143.5,139.1,134.8,130.6,126.4,122.6,118.9,115.6,112.4,109.3,106.6,103.8,101.1,98.5,95.7,93,90.1,87.4,84.6,81.7,78.9,76.1,73.3,70.5,67.8,65.3,62.9,60.6,58.4,56.3,54.4,52.6,51,49.4,47.9,46.5,
Africa Western and Central,AFW,"Mortality rate, infant, male (per 1,000 live births)",SP.DYN.IMRT.MA.IN,,,,,,,,,,,,,,,,,,,,,,,,,,,,,,,122.5563133,121.6475379,120.8178139,119.9349894,118.9649882,117.6942505,116.1516702,114.1540857,112.1177003,109.6802472,106.9671193,104.3484494,101.6387051,98.97045942,96.3001576,93.61044939,91.08225104,88.58258229,86.29696863,84.23938323,82.27020768,80.61696382,79.05589994,77.62331516,76.33187041,75.04271668,73.61570549,72.31676641,70.80861356,69.2833907,67.80438528,66.27997842,
Angola,AGO,"Mortality rate, infant, male (per 1,000 live births)",SP.DYN.IMRT.MA.IN,,,,,,,,,,,,,,,,,,,,,150.8,149.1,147.5,145.9,144.3,143.2,142.5,142,141.7,141.4,141.3,141.4,141.4,141.6,141.6,141.3,140.5,139.1,137.1,134.5,131.6,128.1,124.1,119.7,114.9,109.9,104.5,98.9,93.5,88.2,83.2,78.4,74.1,70,66.7,63.8,61.4,59.4,57.5,55.7,53.8,52.2,
Albania,ALB,"Mortality rate, infant, male (per 1,000 live births)",SP.DYN.IMRT.MA.IN,,,,,,,,,,,,,,,,,,,85.1,79,73.5,68.4,63.7,59.5,55.7,52.3,49.1,46.4,44,42,40.2,38.7,37.2,36,34.8,33.7,32.6,31.4,30.2,28.9,27.6,26.4,25,23.6,22.2,20.7,19.2,17.6,16.1,14.7,13.4,12.2,11.1,10.3,9.8,9.4,9.2,9.1,9.1,9.2,9.2,9.2,
Andorra,AND,"Mortality rate, infant, male (per 1,000 live births)",SP.DYN.IMRT.MA.IN,,,,,,,,,,,,,,,,,,,,,,,,,,11.4,11.2,10.9,10.8,10.5,10.2,10,9.7,9.5,9.1,8.8,8.5,8.2,7.9,7.6,7.3,7,6.8,6.5,6.3,6,5.7,5.4,5.2,5,4.7,4.5,4.3,4.1,3.9,3.7,3.5,3.4,3.2,3.1,3,2.9,
Arab World,ARB,"Mortality rate, infant, male (per 1,000 live births)",SP.DYN.IMRT.MA.IN,,,,,,,,,,,,,,,,,,,,,,,,,,,,,,,62.79768705,61.15293318,59.22780713,57.56337334,56.09807903,54.72164051,53.22350765,51.7729703,50.30527222,48.85780964,47.3903605,45.88590191,44.51048519,43.15683419,41.86640631,40.62622124,39.40997812,38.05838285,36.83961197,35.67545351,34.58477114,33.69245767,33.16503137,32.57509388,31.94223117,31.35198238,30.96823744,30.19631409,29.78159711,29.27644653,28.65770894,28.32314487,
United Arab Emirates,ARE,"Mortality rate, infant, male (per 1,000 live births)",SP.DYN.IMRT.MA.IN,145.1,138.1,131.6,125,118.4,111.6,104.6,97.5,90.6,83.8,77.2,71.1,65.4,60.2,55.5,51,46.7,42.7,38.9,35.5,32.4,29.7,27.3,25.2,23.3,21.8,20.3,19.1,17.9,16.9,16,15.2,14.4,13.7,13.2,12.6,12.2,11.7,11.4,11,10.7,10.4,10.1,9.9,9.6,9.4,9.2,9,8.7,8.5,8.2,8,7.8,7.6,7.4,7.2,7,6.8,6.6,6.4,6.2,6,
Argentina,ARG,"Mortality rate, infant, male (per 1,000 live births)",SP.DYN.IMRT.MA.IN,,,,,,,,,,63.1,62.5,62,61.2,60.3,58.8,56.8,54.2,50.9,47.3,44,40.8,37.7,35.3,33.3,31.2,29.9,28.9,28.5,28.5,28.4,28.1,27.7,26.9,26,25,23.9,23,21.9,21.1,20.2,19.5,18.7,18,17.4,16.9,16.4,15.9,15.5,15.1,14.8,14.3,13.7,13.1,12.5,11.9,11.4,10.8,10.1,9.5,8.7,7.8,6.9,
Armenia,ARM,"Mortality rate, infant, male (per 1,000 live births)",SP.DYN.IMRT.MA.IN,,,,,,,,,,,,,,,,,76.4,73.8,71.2,68.6,66.2,63.9,61.6,59.5,57.4,55.4,53.5,51.6,63.3,47.9,46.1,44.3,42.5,40.7,39,37.3,35.7,34.1,32.6,31.1,29.7,28.4,27.1,25.8,24.6,23.4,22.3,21.2,20.1,19.2,18.2,17.3,16.5,15.7,14.9,14.2,13.5,12.8,12.2,11.6,11,10.5,
American Samoa,ASM,"Mortality rate, infant, male (per 1,000 live births)",SP.DYN.IMRT.MA.IN,,,,,,,,,,,,,,,,,,,,,,,,,,,,,,,,,,,,,,,,,,,,,,,,,,,,,,,,,,,,,,,
Antigua and Barbuda,ATG,"Mortality rate, infant, male (per 1,000 live births)",SP.DYN.IMRT.MA.IN,66.5,62.2,57.6,52.7,47.8,43.1,38.6,34.6,31.1,28.1,25.5,23.4,21.8,20.4,19.2,18.1,17.1,16.1,15.2,14.3,13.6,12.9,12.4,12,11.7,11.6,11.5,11.6,11.7,11.8,12.1,12.4,12.7,13.1,13.4,13.7,14,14.1,14.1,14,13.7,13.4,13,12.6,12,11.6,11,10.5,10,9.5,9,8.6,8.1,7.7,7.3,7,6.7,6.4,6.2,6,5.7,5.5,
Australia,AUS,"Mortality rate, infant, male (per 1,000 live births)",SP.DYN.IMRT.MA.IN,22.7,22.2,21.8,21.3,20.9,20.6,20.5,20.4,20.4,20.3,20.1,19.6,19,18.2,17.2,16.2,15.1,14.1,13.3,12.6,12.1,11.6,11.2,11,10.7,10.4,10.2,9.8,9.4,9,8.5,8,7.5,7.1,6.7,6.4,6.2,6,5.9,5.8,5.6,5.5,5.5,5.4,5.3,5.2,5.1,5,4.8,4.6,4.4,4.2,3.9,3.8,3.6,3.5,3.5,3.5,3.5,3.5,3.5,3.4,
Austria,AUT,"Mortality rate, infant, male (per 1,000 live births)",SP.DYN.IMRT.MA.IN,41.6,39.1,36.7,34.8,33.2,31.8,30.8,29.8,29.1,28.7,28.4,28.1,27.4,26.3,24.6,22.4,20.4,18.7,17.5,16.5,15.7,15,14.3,13.6,12.8,12.1,11.3,10.6,9.9,9.3,8.9,8.5,8,7.4,6.8,6.3,5.8,5.5,5.2,5.1,5,5,4.9,4.8,4.6,4.5,4.3,4.2,4.1,4,3.9,3.8,3.6,3.5,3.4,3.3,3.2,3.2,3.2,3.2,3.2,3.2,
Azerbaijan,AZE,"Mortality rate, infant, male (per 1,000 live births)",SP.DYN.IMRT.MA.IN,,,,,,,,,,,,,,,,,,,,,,,91.9,90,88.3,86.6,85.2,83.9,82.9,82.1,81.7,81.9,82.1,82.2,81.7,80.7,78.9,76.5,73.3,69.7,65.7,61.7,57.8,54.1,50.8,47.8,45,42.4,40,37.6,35.4,33.2,31.1,29.1,27.3,25.5,23.8,22.3,21,19.9,19,18.2,
Burundi,BDI,"Mortality rate, infant, male (per 1,000 live births)",SP.DYN.IMRT.MA.IN,,,,,152.1,153.3,154.6,155.8,156.8,157.5,158.3,158.8,174.2,159.3,159.4,159.2,158.5,156.7,153.5,148.8,143,136.8,130.4,124.3,119,115.1,112.5,111.2,110.9,111.3,112.1,112.6,113.2,118.1,113.2,112.6,111.6,110,107.8,105.5,102.7,99.8,96.8,93.5,89.9,85.9,81.6,77.3,73.1,69.2,65.6,62.2,59,56,53.4,51.2,49.2,47.4,45.9,44.4,43,41.7,
Belgium,BEL,"Mortality rate, infant, male (per 1,000 live births)",SP.DYN.IMRT.MA.IN,33.1,31.6,30.2,29.1,28,26.9,26.1,25.4,24.8,24.2,23.4,22.4,21.2,20,18.8,17.8,16.9,16,15.3,14.5,13.9,13.4,12.7,12.1,11.6,11.2,10.9,10.5,10.2,9.9,9.5,9.2,8.8,8.3,7.8,7.2,6.6,6.2,5.9,5.6,5.4,5.2,5.1,4.9,4.7,4.6,4.5,4.4,4.3,4.2,4.1,4,3.9,3.9,3.8,3.8,3.7,3.7,3.8,3.8,3.8,3.8,
Benin,BEN,"Mortality rate, infant, male (per 1,000 live births)",SP.DYN.IMRT.MA.IN,196.5,193.6,190.4,187.2,183.9,180.9,177.7,174.5,171.7,168.6,165.8,162.8,159.9,156.8,153.8,150.6,147.4,144.2,141.3,138.6,135.9,133.4,130.8,128.3,125.8,123.4,120.9,118.4,115.9,113.6,111.3,109,106.7,104.3,102.2,100,98.1,96.2,94.3,92.7,91.1,89.4,87.6,85.7,83.9,82.3,80.8,79.3,78.1,76.9,75.7,74.5,73.3,72,70.7,69.5,68.1,66.8,65.3,63.8,62.2,60.7,
Burkina Faso,BFA,"Mortality rate, infant, male (per 1,000 live births)",SP.DYN.IMRT.MA.IN,167.4,165.7,164.1,162.7,161.4,160.2,159,158,157,155.9,154.6,153,151,148.2,144.9,141.1,136.9,132.8,129.1,125.8,122.8,120.4,118.2,116.2,114.2,112.5,110.8,109.2,108,106.9,106.2,105.8,105.5,105.2,104.7,103.9,102.9,101.6,100.3,98.9,97.3,95.7,93.9,91.8,89.5,86.9,84.1,81.2,78.4,75.9,73.7,71.7,69.9,68.2,66.5,64.9,63.3,61.9,60.4,59,57.7,56.4,
Bangladesh,BGD,"Mortality rate, infant, male (per 1,000 live births)",SP.DYN.IMRT.MA.IN,187.6,183.2,179,175.3,172.1,169.4,167.3,165.7,164.6,163.9,180.5,222.9,162.7,162.2,161.2,159.9,157.8,155.4,152.5,149.4,146.2,142.8,139.3,135.8,132.2,128.5,124.9,121,116.8,112.7,108.5,104.3,99.9,95.5,91.2,87.2,83.2,79,75,71.2,67.5,64,61,58.1,55.4,52.9,50.5,48.1,45.9,43.8,41.7,39.8,38,36.3,34.7,33.1,31.5,30,28.5,27.1,25.8,24.5,
Bulgaria,BGR,"Mortality rate, infant, male (per 1,000 live births)",SP.DYN.IMRT.MA.IN,49.3,43.8,39.8,37,35.2,34.4,34.3,34.2,33.5,32.2,30.8,29.6,28.8,28.2,27.7,27.2,26.7,25.8,24.6,23.2,22,21.1,20.2,19.4,18.6,17.7,16.7,16,15.8,16,16.4,16.9,17.2,17.3,17.1,17.2,17.5,17.6,17.3,16.6,15.9,15.3,14.6,13.9,13.1,12.2,11.4,10.8,10.5,10.3,10.1,9.7,9.1,8.6,8,7.5,7.1,6.7,6.4,6.1,5.9,5.7,
Bahrain,BHR,"Mortality rate, infant, male (per 1,000 live births)",SP.DYN.IMRT.MA.IN,136.1,125.5,116.1,107.2,98.7,90.9,83.5,76.7,70.3,64.4,59.1,54.2,49.8,45.8,42.3,39.1,36.3,33.8,31.6,29.6,27.9,26.3,25,23.8,22.8,21.9,21.1,20.6,20.3,20.1,19.9,19.6,19.1,18.3,17.2,15.9,14.6,13.4,12.4,11.6,11,10.6,10.3,10,9.7,9.4,9.1,8.7,8.3,7.9,7.5,7.2,7,6.8,6.6,6.5,6.5,6.4,6.4,6.3,6.3,6.2,
"Bahamas, The",BHS,"Mortality rate, infant, male (per 1,000 live births)",SP.DYN.IMRT.MA.IN,,,,,,,,,26.2,26.7,27.1,27.5,27.9,28.1,28.2,28.1,27.9,27.6,27.2,26.8,26.4,26.1,25.8,25.6,25.4,25.1,24.7,24.1,23.3,22.4,21.5,20.5,19.6,18.7,17.8,17,16.2,15.6,15.2,15,14.9,15,15.2,15.4,15.5,15.5,15.4,15.2,14.9,14.6,14.2,13.9,13.6,13.3,13.1,12.9,12.8,12.6,12.6,16.2,12.4,12.3,
Bosnia and Herzegovina,BIH,"Mortality rate, infant, male (per 1,000 live births)",SP.DYN.IMRT.MA.IN,,,,,,,,,,,,,,,,,,,,,,,,,28.9,26.6,24.4,22.5,20.7,19.2,17.8,16.5,23.2,22.4,18.4,13.1,12,11.3,10.7,10.1,9.7,9.3,9.1,8.9,8.8,8.6,8.4,8,7.6,7.3,6.9,6.6,6.4,6.2,6.1,5.9,5.9,5.8,5.7,5.6,5.4,5.3,
Belarus,BLR,"Mortality rate, infant, male (per 1,000 live births)",SP.DYN.IMRT.MA.IN,,,,,,,,,,,,,,,,,,,,,19.8,19,18.2,17.5,16.9,16.3,15.8,15.2,14.7,14.2,14,13.9,14,14.1,14.2,14.2,14.1,13.7,13.1,12.3,11.4,10.5,9.7,9,8.3,7.7,7,6.3,5.7,5.2,4.8,4.4,4.1,3.9,3.7,3.5,3.2,3,2.8,2.6,2.4,2.3,
Belize,BLZ,"Mortality rate, infant, male (per 1,000 live births)",SP.DYN.IMRT.MA.IN,,,,,,,,85.1,82,79.1,76.3,73.5,71,68.5,66.2,64,61.9,60,58,56.2,54.4,52.5,50.7,48.9,46.9,44.9,42.8,40.7,38.6,36.5,34.5,32.7,30.9,29.3,27.9,26.7,25.6,24.6,23.7,22.9,22.1,21.4,20.8,20.3,19.9,19.6,19.2,18.9,18.5,18.2,17.7,17.1,16.5,15.9,15.1,14.4,13.6,12.9,12.2,11.5,11,10.5,
Bermuda,BMU,"Mortality rate, infant, male (per 1,000 live births)",SP.DYN.IMRT.MA.IN,,,,,,,,,,,,,,,,,,,,,,,,,,,,,,,,,,,,,,,,,,,,,,,,,,,,,,,,,,,,,,,
Bolivia,BOL,"Mortality rate, infant, male (per 1,000 live births)",SP.DYN.IMRT.MA.IN,191.6,188.1,184.8,181.6,178.2,175,171.7,168.3,164.9,161.5,158,154.2,150.3,146.5,142.6,138.6,134.7,131,127.4,124,120.8,117.8,114.7,111.8,108.7,105.6,102.7,99.7,96.6,93.5,90.4,87.4,84.3,81.2,78.2,75.2,72.3,69.3,66.3,63.3,60.3,57.5,54.8,52.1,49.5,47.1,44.7,42.4,40.2,38.2,36.3,34.5,32.7,31,29.5,28.1,26.9,25.8,24.8,23.8,23,22.2,
Brazil,BRA,"Mortality rate, infant, male (per 1,000 live births)",SP.DYN.IMRT.MA.IN,140.3,137.1,134,131.1,128.3,125.6,123.1,120.8,118.5,116,113.4,110.8,108.2,105.6,102.8,100.1,97.2,94.3,91.2,87.8,84.4,81.1,77.7,74.5,71.7,69.1,66.6,64.4,62.2,60.1,58,55.7,53.3,50.8,48.1,45.4,42.8,40.4,38.1,35.9,33.8,31.7,29.8,28,26.2,24.5,23,21.7,20.5,19.5,18.6,17.8,17.1,16.6,16.2,15.8,16.7,15.3,15.1,14.8,14.6,14.3,
Barbados,BRB,"Mortality rate, infant, male (per 1,000 live births)",SP.DYN.IMRT.MA.IN,75.6,70.5,66.2,62.4,59,56,53.3,51,49,46.9,44.8,42.7,40.7,38.6,36.6,34.6,32.6,30.8,29,27.3,25.8,24.5,23.5,22.6,21.9,21.2,20.5,19.9,19.2,18.4,17.6,16.9,16.2,15.6,15.1,14.7,14.5,14.4,14.4,14.5,14.7,14.9,15.1,15.3,15.4,15.4,15.3,15.2,15.1,15,14.9,14.8,14.7,14.5,14.3,14.1,13.8,13.4,13.1,12.7,12.3,12,
Brunei Darussalam,BRN,"Mortality rate, infant, male (per 1,000 live births)",SP.DYN.IMRT.MA.IN,92.8,83.8,75.2,67.5,61.2,56.3,52.8,49.9,47.5,45.2,42.6,39.7,36.5,33.3,30.1,27.1,24.5,22.2,20.1,18.4,16.8,15.5,14.4,13.5,12.8,12.2,11.7,11.4,11.2,11.1,11.1,11.1,11.1,11,10.8,10.5,10.1,9.8,9.4,9.1,8.8,8.6,8.4,8.3,8.2,8.2,8.2,8.2,8.3,8.4,8.5,8.7,8.9,9,9.3,9.5,9.7,9.9,10.2,10.4,10.5,10.5,
Bhutan,BTN,"Mortality rate, infant, male (per 1,000 live births)",SP.DYN.IMRT.MA.IN,,,,,,,,,203.2,196.7,190.3,184.5,178.8,173.1,167.3,161.9,156.6,151.5,146.3,141.4,136.5,131.7,127,122.4,118,113.7,109.5,105.5,101.4,97.5,93.7,90,86.4,83,79.6,76.3,73.1,69.9,66.9,63.9,61.1,58.4,55.7,53.1,50.6,48.1,45.6,43.3,41.1,38.9,37,35.2,33.6,32.3,31,29.9,28.8,27.8,26.9,26,25.2,24.5,
Botswana,BWA,"Mortality rate, infant, male (per 1,000 live births)",SP.DYN.IMRT.MA.IN,122.4,119,116,113.3,110.8,108.4,106,103.6,100.8,97.9,94.8,91.6,88.6,85.6,82.4,78.6,74.6,70.7,67,63.6,60.6,57.9,55.3,53,50.7,48.4,45.8,43.1,40.6,38.6,37.5,37.3,37.8,38.7,39.7,41.3,40.2,40.5,40.1,39.6,38.4,38,39.3,41.8,44.7,44.9,47.3,51.5,53.6,52.9,52.5,52.1,46.8,43.3,42.2,40,38.6,35.4,34,32.8,31.9,31.1,
Central African Republic,CAF,"Mortality rate, infant, male (per 1,000 live births)",SP.DYN.IMRT.MA.IN,,169.8,167.1,164.5,161.8,159.1,156.2,153.4,150.6,148,145.5,143.1,141.1,139.3,137.4,135.8,134.2,132.8,131.5,130.3,129.2,128.4,127.5,126.9,126.4,125.9,125.8,125.6,125.4,125.4,125,124.7,124.4,124,123.6,122.9,122.1,121.1,120.1,119,117.7,116.4,114.7,113,111.2,109.4,107.1,105.1,103.3,101.3,99.5,97.6,95.9,94.9,93.3,91.5,90.2,89.3,88,86.1,84.6,82.6,
Canada,CAN,"Mortality rate, infant, male (per 1,000 live births)",SP.DYN.IMRT.MA.IN,31.2,30.1,29,28,27,25.7,24.6,23.5,22.6,21.7,20.8,19.8,18.7,17.7,16.7,15.7,14.8,13.8,13,12.3,11.5,10.9,10.2,9.7,9.2,8.9,8.6,8.4,8.1,7.8,7.5,7.3,7,6.8,6.6,6.3,6.2,6,5.9,5.8,5.7,5.7,5.7,5.7,5.7,5.6,5.6,5.5,5.5,5.4,5.3,5.3,5.2,5.1,5.1,5,4.9,4.9,4.9,4.8,4.8,4.7,
Central Europe and the Baltics,CEB,"Mortality rate, infant, male (per 1,000 live births)",SP.DYN.IMRT.MA.IN,,,,,,,,,,,,,,,,,,,,,,,,,,,,,,,17.92229135,17.34009342,16.86148686,16.28958714,15.74286837,15.13209535,14.39767567,13.65450809,12.8993067,12.12738852,11.4040265,10.86776972,10.48464332,10.19919926,9.804500688,9.317734634,8.718633466,8.1034115,7.655052832,7.238329852,6.817885485,6.447564206,6.161665142,5.8746363,5.599903606,5.35796202,5.107917378,4.872570088,4.620505481,4.443278705,4.28172175,4.181461701,
Switzerland,CHE,"Mortality rate, infant, male (per 1,000 live births)",SP.DYN.IMRT.MA.IN,24.5,24,23.4,22.6,21.7,20.8,19.9,19.1,18.4,17.7,17,16.3,15.4,14.6,13.7,12.7,11.9,11.1,10.5,9.9,9.5,9.1,8.8,8.5,8.3,8.1,8,7.9,7.8,7.6,7.4,7.1,6.8,6.4,6.1,5.8,5.6,5.4,5.3,5.2,5.1,5.1,5,4.9,4.8,4.6,4.5,4.4,4.4,4.3,4.2,4.2,4.1,4.1,4.1,4,4,3.9,3.8,3.8,3.7,3.6,
Channel Islands,CHI,"Mortality rate, infant, male (per 1,000 live births)",SP.DYN.IMRT.MA.IN,,,,,,,,,,,,,,,,,,,,,,,,,,,,,,,,,,,,,,,,,,,,,,,,,,,,,,,,,,,,,,,
Chile,CHL,"Mortality rate, infant, male (per 1,000 live births)",SP.DYN.IMRT.MA.IN,139.8,132.4,127,121.2,113.4,103.5,93.5,84.8,78.2,73.9,72.1,71,70.5,68.8,64.9,59.1,51.7,45,38.9,34,30.5,27.6,24.9,22.8,21.3,20.7,20.6,20.3,19.8,18.9,17.7,16.3,15,13.8,12.8,12.1,11.6,11.3,11,10.7,10.1,9.5,9.1,8.8,8.7,8.5,8.3,8.3,8.2,8.2,8,7.9,7.7,7.6,7.5,7.4,7.2,7,6.9,6.6,6.3,6.1,
China,CHN,"Mortality rate, infant, male (per 1,000 live births)",SP.DYN.IMRT.MA.IN,,,,,,,,,,86.9,83,79.3,75.6,71.9,68.3,64.5,60.9,57.4,54.3,51.6,49.3,47.4,45.9,44.9,44.3,43.9,43.9,44.2,44.5,44.8,44.8,44.6,44,43.1,41.8,40.5,39,37.4,35.6,33.7,31.7,29.5,27.2,24.9,22.7,20.7,18.9,17.2,15.8,14.5,13.3,12.3,11.3,10.4,9.5,8.7,8,7.4,6.8,6.3,5.8,5.3,
Cote d'Ivoire,CIV,"Mortality rate, infant, male (per 1,000 live births)",SP.DYN.IMRT.MA.IN,232.6,226.6,221,215.4,210.1,204.4,198.6,193.1,187.6,182.2,176.7,171.3,165.5,159.6,153.7,147.7,142.2,137.1,132.4,128.3,125.1,122.4,120.1,118.4,116.9,115.6,114.8,114.3,114.1,113.9,113.6,113.1,112.7,112.4,112,111.4,110.6,109.4,108.1,106.6,104.9,103.1,101.2,99.2,97.2,95,93.1,90.9,88.6,86.2,83.9,81.9,79.7,77.5,75.4,73.5,72,70.2,68.4,66.2,64.5,62.6,
Cameroon,CMR,"Mortality rate, infant, male (per 1,000 live births)",SP.DYN.IMRT.MA.IN,175.1,171.1,167.7,164.7,161.3,157.6,153.5,148.8,143.6,138.3,133.5,129.6,126.5,124.4,123.2,122.6,122.3,121.7,120.8,119.2,117,114.1,110.8,107.1,103.5,100.1,97,94.7,93.1,92.4,92.5,93.4,94.8,96.3,97.7,98.6,99.1,99.1,98.6,97.3,95.6,93.7,91.4,89.3,87.2,85.5,83.5,81.8,79.7,78,75.3,73.2,70.6,67.7,65.5,62.8,60.8,58.6,56.7,55.2,53.5,51.8,
"Congo, Dem. Rep.",COD,"Mortality rate, infant, male (per 1,000 live births)",SP.DYN.IMRT.MA.IN,,,,,,,,,,158.8,157,155.3,153.6,151.8,150,148.2,146.3,144.5,142.7,141,139.4,137.7,136.1,134.6,133.2,132,130.8,129.7,128.6,127.5,126.5,125.4,124.5,123.7,122.9,122.1,121.4,120.3,118.9,117.3,115.4,113.3,110.9,108.6,106.1,103.7,101.1,98.6,96.1,93.7,91.2,88.9,86.5,84.3,82.1,79.9,77.8,75.9,73.9,72,70.1,68.2,
"Congo, Rep.",COG,"Mortality rate, infant, male (per 1,000 live births)",SP.DYN.IMRT.MA.IN,124,119.8,115.9,112.4,109,105.9,102.7,99.7,97,94.3,92,89.7,87.7,85.8,84,82.3,80.6,79,77.5,76,74.6,73.1,71.7,70.2,68.6,67.2,65.9,65.2,64.7,64.7,65.1,66.1,67.3,69,70.9,73,75.1,76.9,78.2,78.6,77.8,75.9,73.1,69.6,65.7,61.7,57.9,54.5,51.6,49.2,47.4,46,44.8,43.8,42.7,41.5,40.3,39.2,38.2,39.3,36.3,35.3,
Colombia,COL,"Mortality rate, infant, male (per 1,000 live births)",SP.DYN.IMRT.MA.IN,101.6,98.6,95.8,93.2,90.7,88.3,86.1,83.8,81.5,79.2,76.8,74.4,71.9,69.4,66.7,64,61.2,58.5,55.6,52.8,50.1,47.6,45.1,42.8,40.7,38.9,37.2,35.9,34.6,33.6,32.6,31.7,30.7,29.8,28.8,27.9,27,26.1,25.2,24.4,23.7,23,22.3,21.6,21,20.4,19.8,19.2,18.6,18,17.5,16.9,16.4,15.9,15.4,14.9,14.4,13.9,13.5,13,12.6,12.2,
Comoros,COM,"Mortality rate, infant, male (per 1,000 live births)",SP.DYN.IMRT.MA.IN,,,,,,,,,,,162.5,158.4,154.5,150.8,147.1,143.4,139.7,136,132.3,128.7,125,121.6,118.2,114.8,111.5,108.3,105.3,102.4,99.5,96.9,94.2,91.6,89.1,86.7,84.4,82.3,80.3,78.6,77,75.5,73.9,72.5,71.1,69.5,67.8,66.1,64.4,62.8,61.1,59.5,57.8,56.2,54.5,53,51.4,49.9,48.2,46.7,45.3,44,42.8,41.7,
Cabo Verde,CPV,"Mortality rate, infant, male (per 1,000 live births)",SP.DYN.IMRT.MA.IN,131.2,130,128.6,127,125.3,123.3,120.9,118.2,115.3,111.9,108,103.9,99.5,95,90.6,86.3,82.4,78.9,76,73.7,71.8,70.4,69.1,67.8,66.1,63.9,61.3,58.3,55.2,52.5,50.4,49.2,48.6,48.5,48.4,47.7,46.2,43.8,40.5,37,33.6,30.8,28.5,26.9,26,25.5,25.3,25.3,25.2,24.8,24.3,23.5,22.4,21.2,19.8,18.5,17.2,16,15,14.1,13.4,12.8,
Costa Rica,CRI,"Mortality rate, infant, male (per 1,000 live births)",SP.DYN.IMRT.MA.IN,73.6,68.8,71,76.7,78.9,75.9,71.4,68.5,67.6,67.2,66.2,63.4,58.5,52.4,47.2,42.7,37.8,32.3,27,23.3,21.6,21.2,21.6,22.2,22.4,22,21,19.4,17.5,16.2,15.7,15.4,15,14.4,14.1,14.1,14.1,14,13.6,13.1,12.3,11.6,11.2,11,10.9,10.8,10.7,10.5,10.3,10.1,9.9,9.6,9.2,8.8,8.4,8.2,8.1,8,7.8,7.6,7.1,6.6,
Caribbean small states,CSS,"Mortality rate, infant, male (per 1,000 live births)",SP.DYN.IMRT.MA.IN,,,,,,,,,,,,,,,,,,,,,,,,,,,,,,,31.48766019,30.59782873,29.73317937,29.02482965,28.37106742,27.67811545,27.1718638,26.48309543,25.93747414,25.47731001,25.08830349,24.58072437,24.10246931,23.67517482,23.17878121,22.81016766,22.40145721,22.07560452,21.60539306,21.15817179,20.81331787,20.31112924,19.84793467,19.44829969,18.981424,18.48361499,18.07579921,17.63439334,17.22719207,17.06779029,16.37915127,15.96709515,
Cuba,CUB,"Mortality rate, infant, male (per 1,000 live births)",SP.DYN.IMRT.MA.IN,46.8,45.1,43.5,41.9,40.3,38.6,37.2,35.7,34.2,32.9,31.8,30.6,29.4,28,26.5,25.1,23.9,22.8,21.7,20.7,19.7,18.8,18,17.2,16.4,15.6,14.9,14.2,13.5,12.9,12.3,11.7,11.2,10.7,10.2,9.8,9.4,9,8.6,8.2,7.9,7.6,7.3,7,6.8,6.5,6.3,6.1,5.9,5.8,5.6,5.5,5.4,5.2,5.1,5,4.9,4.8,4.7,4.6,4.5,4.4,
Curacao,CUW,"Mortality rate, infant, male (per 1,000 live births)",SP.DYN.IMRT.MA.IN,,,,,,,,,,,,,,,,,,,,,,,,,,,,,,,,,,,,,,,,,,,,,,,,,,,,,,,,,,,,,,,
Cayman Islands,CYM,"Mortality rate, infant, male (per 1,000 live births)",SP.DYN.IMRT.MA.IN,,,,,,,,,,,,,,,,,,,,,,,,,,,,,,,,,,,,,,,,,,,,,,,,,,,,,,,,,,,,,,,
Cyprus,CYP,"Mortality rate, infant, male (per 1,000 live births)",SP.DYN.IMRT.MA.IN,,,,,,,,,,,,39,36.1,33.7,31.2,28.3,25.3,22.6,20.8,19.7,19,18.5,17.7,16.4,14.8,13.3,12,11.3,11,11,11,10.8,10.4,9.9,9.3,8.7,8.1,7.6,7,6.6,6.1,5.7,5.3,4.9,4.6,4.2,3.9,3.7,3.5,3.3,3.1,3,2.8,2.7,2.6,2.5,2.5,2.4,2.5,2.5,2.5,2.5,
Czechia,CZE,"Mortality rate, infant, male (per 1,000 live births)",SP.DYN.IMRT.MA.IN,,,,,,,,,,,,,,,,,,,,,,15.2,14.7,14.4,14.2,13.9,13.5,13.1,12.6,12.1,11.7,11.1,10.5,9.7,8.8,8,7.1,6.4,5.8,5.4,5,4.8,4.5,4.4,4.2,4,3.8,3.6,3.4,3.2,3.1,3,2.9,2.9,2.9,2.9,2.9,2.9,2.8,2.7,2.6,2.5,
Germany,DEU,"Mortality rate, infant, male (per 1,000 live births)",SP.DYN.IMRT.MA.IN,,,,,,,,,26.5,25.7,25,24.1,23.3,22.4,21.3,20.1,18.8,17.5,16.3,15.2,14.2,13.3,12.4,11.6,11,10.4,9.9,9.4,8.9,8.4,7.9,7.4,6.9,6.5,6.2,5.9,5.6,5.4,5.2,5,4.8,4.7,4.6,4.5,4.4,4.3,4.2,4.1,4,3.9,3.8,3.7,3.7,3.6,3.6,3.6,3.5,3.5,3.5,3.4,3.3,3.3,
Djibouti,DJI,"Mortality rate, infant, male (per 1,000 live births)",SP.DYN.IMRT.MA.IN,,,,,,,,,,,,,,,,,138.1,134.7,131.3,127.9,124.8,121.8,118.5,115.5,112.6,109.8,107.1,104.6,102.4,100.2,98.3,96.8,95.4,94.1,93.2,92,91,89.7,88.4,87,85.3,83.6,81.9,80,78.2,76.4,74.6,72.8,71,69.2,67.5,65.8,64.1,62.3,60.7,59.1,57.7,56,54.6,53,51.4,49.8,
Dominica,DMA,"Mortality rate, infant, male (per 1,000 live births)",SP.DYN.IMRT.MA.IN,87.4,80.5,74.2,68.4,63.1,58.1,53.5,49.3,45.5,42,38.8,35.8,33.2,30.7,28.5,26.5,24.7,23,21.6,22.3,19.2,18.1,17.3,16.5,15.9,15.3,14.9,14.5,14.1,13.9,13.7,13.6,13.6,13.5,13.6,13.7,13.8,14,14.3,14.6,15,15.5,16,16.5,17.2,17.9,18.8,19.6,20.6,21.7,22.8,24.1,25.4,26.8,28.1,29.5,30.8,31.9,32.8,33.5,34,34.3,
Denmark,DNK,"Mortality rate, infant, male (per 1,000 live births)",SP.DYN.IMRT.MA.IN,24.3,23.8,23.2,22.5,21.7,20.7,19.6,18.6,17.7,17,16.2,15.3,14.4,13.5,12.6,11.8,11.2,10.6,10.1,9.7,9.4,9.2,9.1,9,9,9,9.1,9.1,8.9,8.7,8.3,7.8,7.2,6.8,6.3,6,5.7,5.5,5.3,5.2,5.1,5,4.9,4.8,4.6,4.4,4.3,4.1,4,3.8,3.8,3.7,3.7,3.8,3.8,3.8,3.8,3.7,3.6,3.5,3.5,3.4,
Dominican Republic,DOM,"Mortality rate, infant, male (per 1,000 live births)",SP.DYN.IMRT.MA.IN,105.1,104.4,103.4,102.3,100.8,99.2,97.5,95.8,94.1,92.4,90.5,88.5,86.2,84.1,81.8,79.4,77.1,74.9,72.7,70.6,68.6,66.6,64.7,62.8,60.8,58.9,57.1,55.2,53.4,51.6,49.8,48.1,46.3,44.5,42.8,41.2,39.7,38.4,37.2,36.1,35.2,34.4,33.8,33.2,32.7,32.4,32.1,31.9,31.7,31.6,31.5,31.4,31.3,31.3,31.3,31.2,31.3,31.2,31,30.7,30.2,29.6,
Algeria,DZA,"Mortality rate, infant, male (per 1,000 live births)",SP.DYN.IMRT.MA.IN,151.2,151.2,151.3,151.7,152,152.3,152.7,152.6,152.1,151,149.3,146.9,143.9,140.4,136.3,132,127.3,122.5,117.3,111.8,105.6,98.2,90,81.1,72.2,64.4,57.9,53,50,48.2,47.1,46.5,46,45.5,44.8,43.9,42.9,41.7,40.5,39.2,37.9,36.6,35.2,33.8,32.4,31,29.7,28.5,27.4,26.4,25.6,24.9,24.4,24,23.7,23.3,23,22.6,22.2,21.7,21.2,20.7,
East Asia & Pacific (excluding high income),EAP,"Mortality rate, infant, male (per 1,000 live births)",SP.DYN.IMRT.MA.IN,,,,,,,,,,,,,,,,,,,,,,,,,,,,,,,48.80915073,48.65823934,47.77414367,46.71045457,45.39177346,44.05567213,42.60593283,41.08377333,39.40122815,37.67580664,35.73646381,33.95677579,32.02192997,30.08902255,28.55726558,26.51856556,24.99554557,23.5365502,22.54510356,20.93110149,19.86259158,18.94692908,17.70133771,17.03122516,16.05837004,15.53346389,14.62638663,13.92217372,13.96965776,13.6211423,13.76489371,13.64335789,
Early-demographic dividend,EAR,"Mortality rate, infant, male (per 1,000 live births)",SP.DYN.IMRT.MA.IN,,,,,,,,,,,,,,,,,,,,,,,,,,,,,,,82.18541092,79.94383302,77.78484264,75.62958128,73.86797139,71.31524511,69.21859563,67.07697426,64.90132769,62.86082407,60.6022317,58.35125404,56.24844122,54.15586137,52.60626174,50.4480373,48.6732605,46.80775286,45.19722062,43.33845353,41.63931476,39.9927557,38.47190895,37.03728742,35.59091031,34.23691424,33.04414632,31.83353041,30.76915394,29.80376262,28.75991538,27.86798274,
East Asia & Pacific,EAS,"Mortality rate, infant, male (per 1,000 live births)",SP.DYN.IMRT.MA.IN,,,,,,,,,,,,,,,,,,,,,,,,,,,,,,,46.6,46.1,45.1,44.1,42.7,41.4,40,38.5,37,35.3,33.5,31.9,30.1,28.3,26.9,25,23.5,22.2,21.2,19.7,18.7,17.8,16.7,16,15.2,14.7,13.9,13.2,13.2,12.9,13,12.9,
Europe & Central Asia (excluding high income),ECA,"Mortality rate, infant, male (per 1,000 live births)",SP.DYN.IMRT.MA.IN,,,,,,,,,,,,,,,,,,,,,,,,,,,,,,,42.11233832,42.08608695,42.2574729,42.33757714,41.83850391,41.20697702,39.97329401,38.59036682,36.98776358,35.20661815,33.13611118,31.09618693,28.94599446,26.87075641,25.22156948,23.70820002,22.22588639,20.81364904,19.487513,18.31546185,17.35643273,16.40653717,15.47281455,14.74913923,13.98117836,13.28011636,12.57802159,12.11323862,11.73115867,11.4112042,11.01372324,10.63045108,
Europe & Central Asia,ECS,"Mortality rate, infant, male (per 1,000 live births)",SP.DYN.IMRT.MA.IN,,,,,,,,,,,,,,,,,,,,,,,,,,,,,,,27.5,27.1,26.7,26.4,25.9,25.2,24.2,23,21.9,20.7,19.5,18.5,17.4,16.3,15.3,14.5,13.7,13,12.3,11.7,11.1,10.7,10.2,9.9,9.5,9,8.6,8.2,8,7.8,7.5,7.2,
Ecuador,ECU,"Mortality rate, infant, male (per 1,000 live births)",SP.DYN.IMRT.MA.IN,129.4,126.2,123.3,120.4,117.8,115.3,113.1,111,109.1,107.3,105.2,102.9,100.2,97.1,93.7,90.1,86.4,83,79.8,76.7,73.8,70.7,67.5,64.5,61.5,58.7,56.1,53.8,51.6,49.5,47.5,45.5,43.5,41.5,39.4,37.3,35.2,33.1,31.2,29.5,27.9,26.5,25.4,24.3,23.4,22.5,21.7,20.8,20,19.1,18.3,17.5,16.7,16,15.4,14.8,14.3,13.8,13.3,12.9,12.4,11.9,
"Egypt, Arab Rep.",EGY,"Mortality rate, infant, male (per 1,000 live births)",SP.DYN.IMRT.MA.IN,218.1,210.6,203.1,196,189.2,183.3,178.5,174.3,171.1,168.4,165.8,163.1,160.2,156.6,152,147,141.4,135.5,129.3,123.2,117.5,111.6,105.5,99.3,92.9,86.6,80.7,75.6,71.3,67.8,64.5,61.6,58.9,56.3,53.7,51.1,48.5,46,43.6,41.3,39.3,37.3,35.5,33.9,32.4,31.1,29.8,28.7,27.6,26.5,25.5,24.6,23.6,22.7,21.9,21.2,20.5,19.8,19.1,18.5,17.9,17.4,
Euro area,EMU,"Mortality rate, infant, male (per 1,000 live births)",SP.DYN.IMRT.MA.IN,,,,,,,,,,,,,,,,,,,,,,,,,,,,,,,8.916435544,8.540710742,8.10980267,7.599405752,7.125748483,6.674425049,6.235742028,5.903711929,5.612388699,5.401138665,5.159931056,4.948181751,4.771057553,4.587369969,4.401383644,4.265851938,4.122507097,4.023119327,3.898141699,3.791041508,3.682118964,3.621255327,3.562034776,3.498509229,3.460532477,3.478740187,3.454576269,3.41409577,3.40627476,3.360971386,3.293406012,3.252297148,
Eritrea,ERI,"Mortality rate, infant, male (per 1,000 live births)",SP.DYN.IMRT.MA.IN,,,,,,,,,,,,,,,142.7,140.1,137.7,135.3,133.2,131.4,129.7,128.2,126.6,124.9,123,121.2,119.1,116.7,113.8,110.4,106.6,102.3,97.7,92.7,87.7,82.9,78.4,74.3,70.6,67.3,64.3,61.6,59.1,56.8,54.6,52.6,50.8,49,47.4,45.9,44.5,43.3,42.1,40.9,39.8,38.6,37.6,36.6,35.6,34.6,33.7,32.8,
Spain,ESP,"Mortality rate, infant, male (per 1,000 live births)",SP.DYN.IMRT.MA.IN,52.1,49.7,47.7,46,43.6,41.6,39.3,37.6,35.5,33.3,31,28.6,26.3,24.4,22.5,20.8,19.2,17.7,16.2,15.1,13.9,12.9,12,11.2,10.7,10.2,9.8,9.4,8.9,8.6,8.2,7.8,7.4,6.9,6.5,6.1,5.7,5.3,5.1,4.9,4.7,4.6,4.5,4.4,4.3,4.2,4,3.9,3.7,3.5,3.4,3.3,3.2,3.1,3,3,3,2.9,2.9,2.9,2.8,2.8,
Estonia,EST,"Mortality rate, infant, male (per 1,000 live births)",SP.DYN.IMRT.MA.IN,,,,,,,,,,,,,,,,,,,,,20.2,19.4,18.7,18.1,17.5,17.1,16.7,16.3,16.1,16,15.8,15.6,15.5,15.1,14.6,14,13.2,12.3,11.4,10.6,9.8,8.9,8.2,7.5,6.8,6.2,5.7,5.2,4.7,4.3,4,3.6,3.4,3.1,2.9,2.7,2.5,2.3,2.1,2,1.8,1.7,
Ethiopia,ETH,"Mortality rate, infant, male (per 1,000 live births)",SP.DYN.IMRT.MA.IN,,,,,,,159.3,159,158.8,158.6,158.3,158.3,158.2,157.9,157.8,157.6,157.4,157.1,156.8,156.1,155,153.6,151.6,149.4,146.5,143.5,140.8,138.2,136,133.7,131.3,128.6,125.6,122.3,118.7,114.9,111.2,107.5,103.8,100.5,97.1,93.6,90,86.2,82.4,78.6,74.9,71.4,68.1,65,62,59.3,56.6,54.1,51.7,49.4,47.2,45.2,43.4,41.8,40.4,39.1,
European Union,EUU,"Mortality rate, infant, male (per 1,000 live births)",SP.DYN.IMRT.MA.IN,,,,,,,,,,,,,,,,,,,,,,,,,,,,,,,11.29250562,10.79557967,10.24668097,9.697706522,9.195888873,8.627624225,8.080406354,7.623216461,7.200596041,6.837273186,6.484702424,6.20072887,5.972955988,5.767430215,5.544349355,5.357778505,5.118289561,4.915043837,4.737922007,4.56904089,4.373200235,4.224602689,4.119395316,4.004244647,3.921844473,3.8831735,3.81157165,3.737314858,3.668575933,3.58834138,3.500799896,3.438924019,
Fragile and conflict affected situations,FCS,"Mortality rate, infant, male (per 1,000 live births)",SP.DYN.IMRT.MA.IN,,,,,,,,,,,,,,,,,,,,,,,,,,,,,,,108.2350047,107.2423072,106.2218825,105.2503061,104.0177216,102.9977896,101.4153148,99.42659944,97.35899403,95.28045555,92.96342272,90.58839076,88.15555108,85.76986569,83.35904875,81.04692449,78.70075986,76.36117742,74.59001278,72.24857095,70.6390658,68.83717181,67.45046864,66.12860543,64.90050729,63.68073221,62.60674192,61.36116196,60.1471808,58.86496174,57.61961552,56.36950818,
Finland,FIN,"Mortality rate, infant, male (per 1,000 live births)",SP.DYN.IMRT.MA.IN,24.5,23.1,21.8,20.6,19.6,18.6,17.7,16.9,16.2,15.5,14.9,14.2,13.5,12.8,12.1,11.3,10.5,9.8,9,8.4,7.9,7.5,7.1,6.9,6.7,6.7,6.6,6.5,6.4,6.3,6.1,5.8,5.5,5.2,4.9,4.7,4.5,4.3,4.1,4,3.9,3.8,3.7,3.6,3.5,3.4,3.3,3.1,3,2.8,2.7,2.6,2.5,2.4,2.3,2.2,2.2,2.1,2.1,2,2,1.9,
Fiji,FJI,"Mortality rate, infant, male (per 1,000 live births)",SP.DYN.IMRT.MA.IN,63,60.6,58.4,56.3,54.2,52.4,50.9,49.7,48.7,48,47.5,47.3,47.1,46.9,46.4,45.6,44.6,43.3,41.7,40.1,38.4,36.7,35.1,33.7,32.4,31.2,30,28.9,27.9,26.9,26,25.1,24.2,23.4,22.8,22.1,21.6,21.1,20.8,20.5,20.4,20.3,20.3,20.4,20.7,21,21.3,21.5,21.6,21.6,21.6,21.5,21.5,21.7,22,22.3,22.8,23.3,23.9,24.5,24.9,25.2,
France,FRA,"Mortality rate, infant, male (per 1,000 live births)",SP.DYN.IMRT.MA.IN,26.7,25.3,24.2,23,21.9,20.9,20.2,19.4,18.5,17.8,17,16.1,15.3,14.7,14.3,13.9,13.4,12.9,12.4,11.9,11.5,11.1,10.7,10.3,9.9,9.7,9.4,9.3,9.1,8.9,8.6,8.2,7.7,7.1,6.5,6,5.5,5.2,4.9,4.8,4.6,4.4,4.2,4,3.8,3.7,3.6,3.6,3.5,3.5,3.4,3.4,3.4,3.4,3.4,3.5,3.6,3.6,3.7,3.8,3.8,3.8,
Faroe Islands,FRO,"Mortality rate, infant, male (per 1,000 live births)",SP.DYN.IMRT.MA.IN,,,,,,,,,,,,,,,,,,,,,,,,,,,,,,,,,,,,,,,,,,,,,,,,,,,,,,,,,,,,,,,
"Micronesia, Fed. Sts.",FSM,"Mortality rate, infant, male (per 1,000 live births)",SP.DYN.IMRT.MA.IN,96.9,93.4,89.9,86.7,83.5,80.5,77.6,74.8,72.2,69.7,67.4,65.2,63.2,61.4,59.7,58.1,56.7,55.5,54.4,53.4,52.6,52,51.4,51,50.3,49.6,48.6,47.6,46.4,45.2,44.2,43.3,42.5,41.7,41.1,40.3,39.5,38.6,37.6,36.7,35.8,35,36.2,34,33.7,33.7,33.7,33.6,33.4,32.9,32.4,31.7,31.1,30.2,29.4,28.6,27.8,26.8,26,25.3,24.5,23.8,
Gabon,GAB,"Mortality rate, infant, male (per 1,000 live births)",SP.DYN.IMRT.MA.IN,,,,,,,,,,111.6,108.9,106,103.3,100.6,98,95.4,92.8,90.4,88,85.5,83.2,80.9,78.8,76.8,74.9,73.2,71.6,70.2,69,67.9,67.1,66.2,65.6,65.1,64.6,64.2,63.7,63.1,62.1,61.1,60,58.7,57.4,56.1,54.6,53.3,52,50.2,48.9,47.9,46.2,44.7,43.2,41.7,40.8,39.4,37.9,37,35.9,34.7,33.2,32.8,
United Kingdom,GBR,"Mortality rate, infant, male (per 1,000 live births)",SP.DYN.IMRT.MA.IN,25.6,25.3,24.8,24.1,23.3,22.6,21.9,21.3,21.1,20.7,20.3,19.9,19.3,18.7,18,17.2,16.5,15.8,15,14.2,13.5,12.8,12.2,11.6,11.2,10.9,10.6,10.3,10,9.5,8.9,8.3,7.8,7.3,7,6.8,6.6,6.5,6.4,6.3,6.1,6,5.9,5.8,5.8,5.7,5.5,5.4,5.2,5.1,4.9,4.7,4.6,4.4,4.3,4.2,4.2,4.2,4.1,4.1,4,4,
Georgia,GEO,"Mortality rate, infant, male (per 1,000 live births)",SP.DYN.IMRT.MA.IN,,,,,,,,,,,,,,,,64.8,62.8,60.9,59,57.2,55.4,53.7,52,50.5,49.3,48.2,47.5,46.9,46.5,46.2,46,45.7,45.3,44.9,44.3,43.7,42.7,41.5,40,38.2,36.2,33.9,31.4,28.9,26.3,23.8,21.4,19.3,17.3,15.6,14.2,13,12.1,11.4,10.8,10.4,10.1,9.9,9.8,9.6,9.5,9.4,
Ghana,GHA,"Mortality rate, infant, male (per 1,000 live births)",SP.DYN.IMRT.MA.IN,132.1,130.9,129.9,129.3,128.9,128.7,128.8,129,129.1,129.2,128.9,128.1,126.7,124.9,122.5,119.7,116.8,114.1,111.9,110.2,109,108.2,107.5,106.3,104.6,102.3,99.5,96.3,93,89.7,86.7,84.4,82.6,81.3,80.3,79.4,78.3,76.9,75.1,73.1,70.8,68.4,66.1,64.2,62.5,61,59.6,58.1,56.5,54.6,52.5,50.5,48.5,46.7,45,43.5,42,40.7,39.5,38.3,37.2,36.1,
Gibraltar,GIB,"Mortality rate, infant, male (per 1,000 live births)",SP.DYN.IMRT.MA.IN,,,,,,,,,,,,,,,,,,,,,,,,,,,,,,,,,,,,,,,,,,,,,,,,,,,,,,,,,,,,,,,
Guinea,GIN,"Mortality rate, infant, male (per 1,000 live births)",SP.DYN.IMRT.MA.IN,222.4,220.7,219,217.2,215.3,213.4,211.3,209.3,207.3,205.3,203.1,201.1,198.9,196.4,193.9,191.3,188.7,185.9,183.1,180.1,177.1,174,171,167.7,164.5,161.3,158.5,155.5,152.6,149.6,146.5,143.1,139.1,135.3,131.6,127.7,123.9,120.2,116.4,112.7,109,105.5,102.1,98.9,96,93.5,91.3,89.3,87.6,86.2,84.9,83.6,82.3,81.2,80.6,79.5,77.8,76.7,75.4,74,72.5,70.8,
"Gambia, The",GMB,"Mortality rate, infant, male (per 1,000 live births)",SP.DYN.IMRT.MA.IN,164.3,161.4,158.6,155.9,153.3,150.6,148.1,145.6,143.1,140.7,138.2,135.8,133.2,130.7,128.2,125.6,123.1,120.7,118.2,115.7,113.4,111,108.6,106.2,103.7,101.2,98.7,96.3,94,91.7,89.5,87.3,85,82.8,80.5,78.4,76.3,74.3,72.4,70.4,68.5,66.6,64.8,62.9,61.1,59.4,57.7,56,54.4,52.9,51.4,50,48.6,47.2,45.9,44.7,43.4,42.2,41.1,40.1,39.1,38.1,
Guinea-Bissau,GNB,"Mortality rate, infant, male (per 1,000 live births)",SP.DYN.IMRT.MA.IN,,,,,,,,,,,,,,,,,,,,,,,,,,154.2,151.4,148.7,146.1,143.8,141.4,139.1,136.6,133.9,131.2,128.5,125.7,122.8,120.1,117.3,114.5,111.6,108.5,105.2,101.8,98.3,94.8,91,87.3,83.5,80.1,76.8,73.6,70.9,68.4,66.2,64.2,62.3,60.4,58.7,57,55.3,
Equatorial Guinea,GNQ,"Mortality rate, infant, male (per 1,000 live births)",SP.DYN.IMRT.MA.IN,,,,,,,,,,,,,,,,,,,,,,,143.8,141.2,138.5,136.2,134.3,132.7,131.5,130.5,129.7,128.8,127.9,127.1,126.3,125.2,123.9,122.2,120.2,117.9,115.3,112.6,109.8,106.8,103.9,100.9,97.7,94.7,91.7,88.8,86.1,83.4,80.9,78.5,76.4,74.2,72.1,70,68,66.2,64.3,62.6,
Greece,GRC,"Mortality rate, infant, male (per 1,000 live births)",SP.DYN.IMRT.MA.IN,40.7,40.5,39.6,38.3,37.1,36.1,35.3,34.3,33.1,31.5,29.2,27.1,26.2,26,25.9,25.2,24.1,22.8,21.5,20.1,18.7,17.4,16.4,15.6,14.8,14,13.1,12.2,11.3,10.5,9.8,9.3,8.9,8.6,8.3,8,7.7,7.3,6.9,6.5,6.1,5.6,5.3,4.9,4.6,4.3,4.1,3.9,3.8,3.7,3.7,3.7,3.8,3.9,4.1,4.2,4.2,4.1,4,3.8,3.7,3.5,
Grenada,GRD,"Mortality rate, infant, male (per 1,000 live births)",SP.DYN.IMRT.MA.IN,69.7,64.8,60,55.6,51.9,49,46.8,45.4,44.2,43.2,42.3,41.4,40.5,39.5,38.4,37.3,36.1,34.9,33.5,32.1,30.7,29.3,27.9,26.5,25.2,24,22.9,21.8,20.8,19.8,18.9,18,17.1,16.3,15.6,15,14.6,14.2,13.9,13.7,13.6,13.6,13.6,13.6,13.6,13.7,13.7,13.8,13.9,14,14.2,14.4,14.6,14.8,15,15.2,15.4,15.5,15.6,15.7,15.6,15.5,
Greenland,GRL,"Mortality rate, infant, male (per 1,000 live births)",SP.DYN.IMRT.MA.IN,,,,,,,,,,,,,,,,,,,,,,,,,,,,,,,,,,,,,,,,,,,,,,,,,,,,,,,,,,,,,,,
Guatemala,GTM,"Mortality rate, infant, male (per 1,000 live births)",SP.DYN.IMRT.MA.IN,156.7,153.2,149.8,146.4,143.1,139.8,136.6,133.4,130.2,126.9,123.9,120.8,117.8,114.8,111.8,109,113.1,102.9,99.9,96.9,93.8,90.7,96.2,84.7,81.8,78.9,76.2,73.4,70.8,68.2,65.8,63.4,61,58.7,56.5,54.4,52.5,50.5,48.7,46.9,45.2,43.6,42.1,40.7,39.3,37.9,36.6,35.3,34.1,32.9,31.7,30.6,29.4,28.4,27.3,26.3,25.4,24.6,23.8,23,22.3,21.6,
Guam,GUM,"Mortality rate, infant, male (per 1,000 live births)",SP.DYN.IMRT.MA.IN,,,,,,,,,,,,,,,,,,,,,,,,,,,,,,,,,,,,,,,,,,,,,,,,,,,,,,,,,,,,,,,
Guyana,GUY,"Mortality rate, infant, male (per 1,000 live births)",SP.DYN.IMRT.MA.IN,75.5,72.7,70.3,68.4,66.8,65.6,64.5,63.8,63.2,62.8,62.4,62.1,61.9,61.8,61.7,61.5,61.2,60.9,60.5,60.2,59.7,59.3,58.9,58.4,57.9,57.3,56.6,55.9,55.1,54.1,53.1,52,50.9,49.7,48.4,47.3,46.2,45.1,44,42.9,41.8,40.8,39.9,39.1,38.3,37.6,36.9,36.2,35.5,34.9,34.3,33.7,33,32.3,31.5,30.8,29.9,29.1,28.3,27.6,26.8,26,
High income,HIC,"Mortality rate, infant, male (per 1,000 live births)",SP.DYN.IMRT.MA.IN,,,,,,,,,,,,,,,,,,,,,,,,,,,,,,,11.7,11.2,10.6,10.1,9.6,9.1,8.7,8.3,8,7.7,7.4,7.2,7,6.8,6.6,6.5,6.3,6.1,5.9,5.8,5.6,5.4,5.3,5.2,5.1,5,4.9,4.8,4.7,4.7,4.6,4.5,
"Hong Kong SAR, China",HKG,"Mortality rate, infant, male (per 1,000 live births)",SP.DYN.IMRT.MA.IN,,,,,,,,,,,,,,,,,,,,,,,,,,,,,,,,,,,,,,,,,,,,,,,,,,,,,,,,,,,,,,,
Honduras,HND,"Mortality rate, infant, male (per 1,000 live births)",SP.DYN.IMRT.MA.IN,152,147.4,143.1,138.7,134.4,130.4,126.5,122.7,119,115.3,111.6,107.8,104.1,100.4,106,93.2,89.7,86.3,82.9,79.5,76.3,73.2,70.2,67.2,64.4,61.8,59.2,56.8,54.5,52.2,50.1,48.1,46.2,44.4,42.7,41.1,39.5,38,45.4,35.3,33.9,32.6,31.4,30.1,28.9,27.8,26.8,25.8,24.9,24,23.2,22.4,21.7,20.9,20.2,19.5,18.8,18.1,17.5,16.9,16.4,15.8,
Heavily indebted poor countries (HIPC),HPC,"Mortality rate, infant, male (per 1,000 live births)",SP.DYN.IMRT.MA.IN,,,,,,,,,,,,,,,,,,,,,,,,,,,,,,,116.533899,114.7939576,113.193713,111.6977706,111.1696264,108.0423175,106.0645172,103.8809208,101.5165837,98.74656022,95.80662318,92.69128999,89.48148701,86.28585771,83.11950726,80.12511649,77.37450895,74.72372487,72.30474238,70.03112575,68.12806956,65.89114152,63.95296407,62.08861021,60.43981938,58.8384932,57.19019734,55.65896148,54.19024668,52.81893924,51.5403673,50.29857454,
Croatia,HRV,"Mortality rate, infant, male (per 1,000 live births)",SP.DYN.IMRT.MA.IN,,,,,,,,,,,,,,,,,,,,,,23.5,22,20.7,19.3,18,16.8,15.6,14.5,13.5,12.6,12.6,11.2,10.6,10.1,9.7,9.3,8.9,8.5,8.1,7.8,7.5,7.2,6.8,6.5,6.2,5.9,5.6,5.4,5.2,5,4.9,4.8,4.7,4.6,4.5,4.5,4.4,4.4,4.4,4.3,4.3,
Haiti,HTI,"Mortality rate, infant, male (per 1,000 live births)",SP.DYN.IMRT.MA.IN,208,204.6,201.5,198.2,195,191.8,188.5,185.1,181.6,178,174.4,170.7,167,163.2,159.3,155.5,151.8,148.5,145,141.6,138.1,134.7,131.4,128.4,125.5,122.6,119.8,116.9,114.1,111.4,108.7,106,103.3,100.4,97.4,94.5,91.5,88.6,86.1,83.5,81.2,78.9,76.9,75,73.2,71.6,70.1,68.6,67.2,65.8,81.9,63.2,62,60.8,59.5,58.2,56.9,55.5,54.2,52.8,51.4,50.1,
Hungary,HUN,"Mortality rate, infant, male (per 1,000 live births)",SP.DYN.IMRT.MA.IN,53.1,50.3,48.2,46.8,45.6,44.2,42.8,41.7,40.8,39.6,38.7,38.2,38.6,39.1,38.1,35.6,32.5,29.7,27.4,25.4,23.8,22.7,22.2,22.1,21.9,21.5,20.8,19.6,18.2,17.3,16.8,16.3,15.3,13.9,12.8,11.9,11.3,10.9,10.5,10,9.5,8.9,8.3,7.8,7.3,6.9,6.6,6.3,5.9,5.6,5.4,5.3,5.2,5.1,4.9,4.6,4.3,4,3.8,3.7,3.7,3.6,
IBRD only,IBD,"Mortality rate, infant, male (per 1,000 live births)",SP.DYN.IMRT.MA.IN,,,,,,,,,,,,,,,,,,,,,,,,,,,,,,,60.39898346,60.05437086,58.88942708,57.52576167,55.97856724,54.44857375,52.85382915,51.15990739,49.42557767,47.80586591,45.77946393,43.99192144,42.01493477,40.08806671,38.55305059,36.51378004,34.81281166,33.0188054,31.34647914,29.80607155,28.30780808,27.0018631,25.43116871,24.41478675,23.06175485,22.23170809,21.22396021,20.23068693,19.92907531,19.27815007,18.86299148,18.4225879,
IDA & IBRD total,IBT,"Mortality rate, infant, male (per 1,000 live births)",SP.DYN.IMRT.MA.IN,,,,,,,,,,,,,,,,,,,,,,,,,,,,,,,74.43503728,74.45730041,73.54241161,72.4349465,71.30520001,69.78729481,68.36748679,66.76064351,65.07090493,63.39276022,61.18602955,59.30305023,57.28196057,55.27562236,53.46742087,51.38944483,49.58934061,47.70477689,45.99520316,44.32880004,42.90836072,41.54602503,39.92656562,38.94067075,37.66859392,36.86288792,35.75556932,34.78908381,34.5287706,33.9451805,33.64387873,33.16216654,
IDA total,IDA,"Mortality rate, infant, male (per 1,000 live births)",SP.DYN.IMRT.MA.IN,,,,,,,,,,,,,,,,,,,,,,,,,,,,,,,110.2680567,108.6180503,107.0146425,105.4261807,104.2537403,101.8662297,99.91592893,97.68330429,95.38805738,92.8329541,90.11707082,87.32706831,84.61325876,81.97405706,79.41897903,76.93043702,74.63628558,72.33588399,70.47373672,68.42985014,66.78002657,65.05059948,63.53895732,62.03562779,60.65847155,59.25998362,57.82940918,56.45802138,55.0223723,53.66102861,52.37674699,51.16016418,
IDA blend,IDB,"Mortality rate, infant, male (per 1,000 live births)",SP.DYN.IMRT.MA.IN,,,,,,,,,,,,,,,,,,,,,,,,,,,,,,,110.4752754,109.7248136,108.9475229,108.0220726,106.9665551,105.7042212,104.1354388,102.288186,100.3898422,98.25006726,95.92351796,93.64549935,91.50102414,89.49812683,87.46314833,85.4602869,83.52152744,81.44910306,79.50329935,77.86753352,76.28159696,74.86868941,73.46086135,72.04926971,70.63618922,69.18407892,67.79046362,66.48979907,64.84045573,63.34915344,61.79941237,60.37459622,
Indonesia,IDN,"Mortality rate, infant, male (per 1,000 live births)",SP.DYN.IMRT.MA.IN,164.4,160,155.9,151.8,148.1,157.9,140.5,136.7,133.1,129.6,126.2,122.7,119.3,115.9,112.6,109.3,106.1,103.1,100.2,97.4,94.5,91.7,88.9,86.2,83.5,80.9,78.3,75.8,73.2,70.6,68,65.4,62.8,60.3,57.9,55.5,53.1,50.9,48.7,46.7,44.8,43.1,41.4,39.8,40.4,36.8,35.5,34.2,32.9,31.7,30.6,29.6,28.5,27.6,26.6,25.6,24.7,23.8,23,22.2,21.6,20.9,
IDA only,IDX,"Mortality rate, infant, male (per 1,000 live births)",SP.DYN.IMRT.MA.IN,,,,,,,,,,,,,,,,,,,,,,,,,,,,,,,110.1647359,108.0612692,106.0376211,104.1262193,102.8949148,99.9512764,97.80790719,95.3919163,92.89214217,90.11658081,87.19505711,84.11767622,81.09516098,78.14405705,75.32325793,72.57687034,70.09209769,67.61967853,65.74762996,63.45317975,61.7404581,59.82215842,58.2560642,56.72710221,55.40036223,54.07362948,52.64384737,51.25809468,49.95747288,48.69826738,47.56372399,46.48585637,
Isle of Man,IMN,"Mortality rate, infant, male (per 1,000 live births)",SP.DYN.IMRT.MA.IN,,,,,,,,,,,,,,,,,,,,,,,,,,,,,,,,,,,,,,,,,,,,,,,,,,,,,,,,,,,,,,,
India,IND,"Mortality rate, infant, male (per 1,000 live births)",SP.DYN.IMRT.MA.IN,167.6,165.1,162.9,160.9,159,157.2,155.4,153.8,152.1,150.1,147.9,145.7,143.3,140.8,138.4,135.8,132.9,129.6,125.8,122,118.6,115.4,112.5,110,107.2,104.6,101.6,98.6,96,93.5,91.1,88.7,86.2,83.8,81.2,78.7,76.3,73.7,71.2,69.2,66.5,63.8,61.2,58.8,57.2,54.8,52.9,50.6,48.5,46.5,44.2,42.2,40.2,38.3,36.4,34.6,32.9,31.3,29.8,28.4,26.9,25.7,
Not classified,INX,"Mortality rate, infant, male (per 1,000 live births)",SP.DYN.IMRT.MA.IN,,,,,,,,,,,,,,,,,,,,,,,,,,,,,,,,,,,,,,,,,,,,,,,,,,,,,,,,,,,,,,,
Ireland,IRL,"Mortality rate, infant, male (per 1,000 live births)",SP.DYN.IMRT.MA.IN,34.2,32.7,31.5,30.3,29,27.5,26,24.4,22.9,21.8,21.1,20.6,20.3,19.9,19.5,18.8,17.9,16.8,15.6,14.4,13.2,12.2,11.3,10.7,10.2,9.8,9.5,9.3,9.1,8.8,8.4,7.9,7.5,7,6.8,6.7,6.7,6.7,6.7,6.7,6.5,6.3,6,5.5,5.1,4.7,4.5,4.2,4.1,4,3.9,3.8,3.7,3.6,3.5,3.4,3.4,3.3,3.2,3.1,3,3,
"Iran, Islamic Rep.",IRN,"Mortality rate, infant, male (per 1,000 live births)",SP.DYN.IMRT.MA.IN,,,,,,,,,,,,129.7,123.9,118.5,113.1,107.6,102,96.2,90.2,84.4,78.7,73.5,68.8,64.7,61.1,58,55.1,52.6,50.1,47.8,45.7,43.8,42,40.4,39,37.7,36.4,35,33.6,32.1,30.6,29.1,27.5,25.9,24.5,23.1,21.7,20.5,19.3,18.2,17.3,16.5,15.8,15.2,14.6,14,13.6,13.1,12.7,12.3,11.8,11.5,
Iraq,IRQ,"Mortality rate, infant, male (per 1,000 live births)",SP.DYN.IMRT.MA.IN,135.8,128.7,122.5,116.7,111.4,106.4,101.6,97.4,93.3,89.4,85.9,82.5,79.2,76.1,73.2,70.4,67.8,65.3,63,60.8,58.8,56.9,55.2,53.6,52.2,50.8,49.6,48.4,47.4,46.4,45.6,44.8,44,43.2,42.6,42,41.4,40.7,40.1,39.4,38.6,37.9,37.3,36.6,35.9,35.2,34.5,33.8,33,32.1,31.3,30.4,29.6,28.8,27.9,27.1,26.4,25.6,24.9,24.2,23.4,22.7,
Iceland,ISL,"Mortality rate, infant, male (per 1,000 live births)",SP.DYN.IMRT.MA.IN,19.3,19,18.6,18.2,17.7,17.2,16.6,16,15.5,14.9,14.3,13.8,13.2,12.6,12,11.4,10.8,10.2,9.6,9,8.5,8,7.6,7.2,6.9,6.6,6.3,6.1,5.9,5.7,5.5,5.4,5.2,5,4.8,4.6,4.4,4.2,3.9,3.7,3.5,3.3,3.1,2.9,2.8,2.6,2.5,2.5,2.4,2.3,2.3,2.3,2.3,2.3,2.3,2.3,2.3,2.3,2.3,2.3,2.3,2.3,
Israel,ISR,"Mortality rate, infant, male (per 1,000 live births)",SP.DYN.IMRT.MA.IN,35.8,34.2,32.6,31.1,29.9,28.8,28,27.4,27,26.8,26.5,26.3,26,25.6,24.9,23.7,22.1,20.3,18.8,17.6,16.6,15.8,15.1,14.4,13.7,13,12.3,11.7,11.1,10.7,10.3,9.8,9.3,8.7,8.1,7.5,7.1,6.7,6.4,6.2,6,5.7,5.5,5.2,5,4.8,4.6,4.4,4.2,4.1,3.9,3.8,3.7,3.6,3.5,3.4,3.3,3.2,3.2,3.1,3,2.9,
Italy,ITA,"Mortality rate, infant, male (per 1,000 live births)",SP.DYN.IMRT.MA.IN,48,46.5,44.6,42.9,40.9,39.5,37.9,36.5,35.4,34.2,32.8,31.3,29.4,27.3,25,22.8,20.8,19.3,17.9,16.8,15.9,14.9,14,13.1,12.4,11.6,11,10.4,9.9,9.5,9.2,8.9,8.5,8,7.5,7,6.5,6.1,5.7,5.4,5.1,4.8,4.6,4.4,4.2,4.1,4,3.9,3.8,3.7,3.6,3.6,3.5,3.4,3.3,3.3,3.2,3.1,2.9,2.7,2.6,2.4,
Jamaica,JAM,"Mortality rate, infant, male (per 1,000 live births)",SP.DYN.IMRT.MA.IN,65.9,63.6,61.3,59.4,57.6,55.9,54.3,52.7,51.2,49.7,48.2,46.7,45.2,43.7,42.3,41,39.7,38.6,37.4,36.3,35.3,34.3,33.3,32.4,31.5,30.6,29.8,29,28.3,27.5,26.8,26.1,25.4,24.8,24.2,23.5,22.9,22.2,21.6,21,20.5,20,19.5,19.2,18.8,18.6,18.3,18,17.7,17.3,16.9,16.4,16,15.5,15.1,14.6,14.2,13.7,13.3,12.9,12.4,12.1,
Jordan,JOR,"Mortality rate, infant, male (per 1,000 live births)",SP.DYN.IMRT.MA.IN,107.4,101.8,96.6,91.6,87,82.6,78.6,74.8,71.3,68.2,65.4,62.6,59.9,57.5,55.3,53.1,51.1,49.1,47.3,45.6,43.9,42.3,40.8,39.4,38,36.7,35.4,34.3,33.2,32.3,31.4,30.6,29.8,29.1,28.4,27.7,27.1,26.4,25.8,25.2,24.6,24.1,23.5,22.9,22.4,21.8,21.2,20.6,20.1,19.5,19,18.5,18,17.5,17.1,16.6,16.1,15.6,15.2,14.7,14.3,13.8,
Japan,JPN,"Mortality rate, infant, male (per 1,000 live births)",SP.DYN.IMRT.MA.IN,33.3,30.8,28,25.5,23.3,21.4,19.6,18.2,17,15.9,15,14.1,13.4,12.6,11.9,11.2,10.5,9.9,9.3,8.7,8.2,7.7,7.2,6.8,6.4,6,5.6,5.4,5.2,5,4.9,4.8,4.8,4.7,4.6,4.5,4.3,4.1,3.9,3.7,3.5,3.4,3.2,3.1,3,2.9,2.8,2.8,2.7,2.6,2.5,2.4,2.3,2.2,2.2,2.1,2.1,2,2,1.9,1.9,1.8,
Kazakhstan,KAZ,"Mortality rate, infant, male (per 1,000 live births)",SP.DYN.IMRT.MA.IN,,,,,,,,,,,,76.4,74.8,73.4,72.1,70.9,69.9,68.9,67.8,66.6,65.2,63.5,61.8,59.9,58.1,56.5,54.8,53.2,51.8,50.7,50,49.8,50.1,50.7,51.1,51.1,50.2,48.7,46.7,44.5,42,39.6,37.3,35.2,33.3,31.3,29.3,27.2,25.1,22.9,20.8,18.7,16.6,14.8,13.2,12,11.1,10.6,10.3,10.2,10.3,10.3,
Kenya,KEN,"Mortality rate, infant, male (per 1,000 live births)",SP.DYN.IMRT.MA.IN,123.4,119.1,115.2,112.1,109.3,107,105,103.2,101.3,99.5,97.5,95.5,93.4,91.3,89,86.6,84.2,81.8,79.5,77.2,75.2,73.3,71.5,70.1,68.8,68,67.5,67.5,68,68.9,70.1,71.5,72.5,73.1,73.2,72.6,71.8,70.6,69,67.2,65,62.5,60,57.4,54.8,51.8,49.3,47.1,44.4,43.2,42.2,41.1,40.6,39.4,38,36.2,35.3,34.6,33.5,32.6,31.8,30.7,
Kyrgyz Republic,KGZ,"Mortality rate, infant, male (per 1,000 live births)",SP.DYN.IMRT.MA.IN,,,,,,,,,,,,,,,,94.9,93.3,91.8,90,88.1,85.8,83.2,80.3,77.3,74.1,70.8,67.5,64.5,61.9,59.9,58.9,58.9,59.2,59.4,59.1,58.2,56.3,54.1,51.7,49.4,47.1,45,42.9,41,39.4,37.8,36.3,34.8,32.9,30.9,29,27.2,25.7,24.3,23.2,22,20.9,19.8,18.9,18.1,17.6,17.3,
Cambodia,KHM,"Mortality rate, infant, male (per 1,000 live births)",SP.DYN.IMRT.MA.IN,,,,,,,,,,,,,,,,192.9,179.9,167.3,153.8,139.9,126.8,115.3,106.4,100.5,96.9,94.9,93.7,93.3,93.1,93.2,93.2,93,93,93.4,93.9,94.4,94.7,94.4,93.4,90.9,86.7,80.7,74.3,68.3,63,58.6,54.8,51.2,48,44.8,41.7,38.7,36.1,33.9,32,30.4,29.1,27.8,26.6,25.7,24.8,23.8,
Kiribati,KIR,"Mortality rate, infant, male (per 1,000 live births)",SP.DYN.IMRT.MA.IN,142.8,139.5,135.8,131.9,128,123.8,119.8,115.8,112,108.3,105.1,102.1,99.4,97.4,95.8,94.8,93.9,93.2,92.5,91.7,90.8,89.7,88.6,87.3,85.7,83.9,81.9,79.7,77.4,74.9,72.4,70,67.9,65.9,64.2,62.7,61.3,60,58.8,57.6,56.4,55.4,54.7,54.1,54,54.1,54.3,54.6,54.7,54.5,53.9,53.2,52.2,51.2,50.1,49,47.9,46.8,45.5,44.4,43.2,42.1,
St. Kitts and Nevis,KNA,"Mortality rate, infant, male (per 1,000 live births)",SP.DYN.IMRT.MA.IN,,,,,,,,,,,,,60.9,58.6,56.5,54.6,52.9,51.2,49.5,47.6,45.5,43.2,40.8,38.5,36.3,34.2,32.5,31,29.7,28.7,27.9,27.3,26.9,26.5,26.1,25.7,25.2,24.5,23.8,22.9,21.9,20.9,19.9,19,18.2,17.6,17.1,16.7,16.4,16.2,16.1,16.1,16,15.9,15.8,15.6,15.3,15,14.6,14.3,13.8,13.5,
"Korea, Rep.",KOR,"Mortality rate, infant, male (per 1,000 live births)",SP.DYN.IMRT.MA.IN,84.5,80.9,77.7,74.6,71.4,68,64.5,60.9,57.4,54,50.7,47.8,45.2,43,41.1,39.5,38.1,36.7,35.3,33.7,32.1,30.3,28.4,26.4,24.5,22.5,20.7,18.9,17.3,15.8,14.5,13.3,12.3,11.3,10.5,9.7,8.9,8.3,7.7,7.3,6.8,6.5,6.2,5.8,5.4,5.1,4.7,4.4,4.1,3.9,3.8,3.7,3.5,3.4,3.3,3.3,3.2,3.1,3,2.9,2.8,2.7,
Kuwait,KWT,"Mortality rate, infant, male (per 1,000 live births)",SP.DYN.IMRT.MA.IN,103.1,96.9,91,85.4,80.1,75.1,70.5,66.4,62.6,59.1,56.1,53.2,50.4,47.7,45.1,42.6,40.3,38,35.8,33.7,31.5,29.2,26.9,24.6,22.6,21,19.7,18.6,17.4,16.2,15.8,14.2,13.7,13.4,13.3,13.2,13,12.8,12.5,12.1,11.8,11.6,11.4,11.2,11,10.8,10.7,10.5,10.4,10.2,9.9,9.6,9.2,8.9,8.7,8.5,8.4,8.3,8.3,8.2,8.2,8.2,
Latin America & Caribbean (excluding high income),LAC,"Mortality rate, infant, male (per 1,000 live births)",SP.DYN.IMRT.MA.IN,,,,,,,,,,,,,,,,,,,,,,,,,,,,,,,49.98953629,48.08740509,46.11153198,44.16390575,42.16574954,40.21656567,38.35358029,36.52010042,35.02532812,33.11426906,31.5864769,30.06336643,28.69596607,27.38675778,26.18279426,25.02225573,23.97502454,23.01113472,22.0887376,21.25667556,20.98417909,19.75203736,19.09781438,18.51120731,17.97675689,17.44652761,17.38722244,16.56669471,16.17655721,15.71592096,15.27187168,14.82733215,
Lao PDR,LAO,"Mortality rate, infant, male (per 1,000 live births)",SP.DYN.IMRT.MA.IN,,,,,,,,,,,,,,,,,,,155.3,151.3,147.5,143.8,140.3,136.9,133.7,130.5,127.5,124.3,121.2,118.1,114.8,111.7,108.4,105.2,101.9,98.7,95.6,92.6,89.8,87.1,84.4,81.7,79,76.2,73.4,70.5,67.7,65,62.5,59.9,57.5,55.2,53,50.8,48.8,46.9,45.2,43.5,42,40.6,39.4,38.1,
Lebanon,LBN,"Mortality rate, infant, male (per 1,000 live births)",SP.DYN.IMRT.MA.IN,59.2,57.5,56,54.6,53.4,52.3,51.4,50.6,50,49.5,49.1,48.8,48.4,48,47.5,46.8,46.1,45.3,44.3,43.1,41.9,40.6,39.2,37.8,36.2,34.7,33.2,31.7,30.3,28.9,27.6,26.4,25.3,24.2,23.2,22.3,21.3,20.4,19.6,18.7,17.8,16.9,15.9,15,14.1,13.3,12.5,11.8,11.2,10.6,10.1,9.7,9.3,9,8.7,8.5,8.3,8.1,7.9,7.8,7.6,7.4,
Liberia,LBR,"Mortality rate, infant, male (per 1,000 live births)",SP.DYN.IMRT.MA.IN,226.3,226.9,226.9,226.4,225.3,223.7,221.6,218.7,215.5,211.6,208,204.2,200.7,197.1,193.6,190.1,186.7,183.8,181.2,178.8,176.6,174.3,172.8,171.9,171.9,172.8,175.1,178.4,182.4,186.3,189.2,190.4,189.8,187.2,183,177.2,170.2,162.2,153.9,145.8,137.5,129,120.7,112.8,105.4,98.5,92.7,87.9,84,80.9,78.3,76.3,74.5,73,73.7,70.5,69,67.7,66.4,65,63.5,62.1,
Libya,LBY,"Mortality rate, infant, male (per 1,000 live births)",SP.DYN.IMRT.MA.IN,171.8,163.2,155.1,147.2,139.7,132.6,125.7,119.2,113,107.2,101.7,96.4,91.5,86.7,82.3,78.1,74.3,70.9,67.7,64.8,62.1,59.5,57.1,54.6,52.2,49.9,47.6,45.4,43.1,41.1,39.1,37.2,35.5,34,32.6,31.4,30.3,29.3,28.4,27.5,26.7,26,25.2,24.4,23.3,22.1,20.7,19.3,17.9,16.8,15.8,16.5,14.3,13.7,13.1,12.6,12.1,11.7,11.3,10.9,10.5,10.2,
St. Lucia,LCA,"Mortality rate, infant, male (per 1,000 live births)",SP.DYN.IMRT.MA.IN,113,108.7,103.6,98,92.1,85.9,79.8,73.8,68,62.6,57.5,52.9,48.6,44.8,41.4,38.4,35.7,33.3,31.2,29.4,27.8,26.4,25.2,24.1,23.2,22.4,21.7,21.1,20.5,20,19.6,19.1,18.8,18.4,18.1,17.8,17.6,17.4,17.2,17.1,17.1,17,17,17.1,17.2,17.4,17.6,17.9,18.2,18.5,18.9,19.3,19.8,20.3,20.8,21.3,21.9,22.5,23.1,23.7,24.1,24.5,
Latin America & Caribbean,LCN,"Mortality rate, infant, male (per 1,000 live births)",SP.DYN.IMRT.MA.IN,,,,,,,,,,,,,,,,,,,,,,,,,,,,,,,47.7,45.9,44.1,42.2,40.4,38.6,36.8,35.1,33.7,31.9,30.4,29,27.7,26.4,25.3,24.2,23.2,22.3,21.4,20.6,20.4,19.2,18.7,18.1,17.6,17.2,17.4,16.7,16.3,15.8,15.4,15,
Least developed countries: UN classification,LDC,"Mortality rate, infant, male (per 1,000 live births)",SP.DYN.IMRT.MA.IN,,,,,,,,,,,,,,,,,,,,,,,,,,,,,,,116.2916383,114.0702596,111.9061556,109.814807,108.4956919,105.3319995,103.0511344,100.477381,97.75984476,94.92814741,91.87752072,88.68808378,85.49617535,82.33947348,79.2576938,76.39844784,73.70810174,71.07280046,69.09808787,66.49258135,64.64519158,62.50534817,60.64713165,58.8607825,57.30625484,55.83582383,54.2610252,52.83809583,51.46476867,50.1707561,48.97806691,47.86173286,
Low income,LIC,"Mortality rate, infant, male (per 1,000 live births)",SP.DYN.IMRT.MA.IN,,,,,,,,,,,,,,,,,,,,,,,,,,,,,,,118.3,116.5,114.9,113.2,112.8,109.4,107.4,105.1,102.5,99.7,96.6,93.4,90.1,86.8,83.5,80.5,77.6,74.8,72.3,70.1,68.2,66.2,64.5,63,61.6,60.2,58.6,57.1,55.7,54.4,53.1,51.9,
Liechtenstein,LIE,"Mortality rate, infant, male (per 1,000 live births)",SP.DYN.IMRT.MA.IN,,,,,,,,,,,,,,,,,,,,,,,,,,,,,,,,,,,,,,,,,,,,,,,,,,,,,,,,,,,,,,,
Sri Lanka,LKA,"Mortality rate, infant, male (per 1,000 live births)",SP.DYN.IMRT.MA.IN,73.6,70.6,68.7,67.7,66.4,64.9,63.3,61.6,59.8,58.7,57.8,57.2,56.7,56,54.9,53.3,51.2,48.7,45.9,42.9,40.1,37.6,35.3,32.6,30,27.4,25,23.2,22,23.1,21.4,21.2,20.7,20.1,19.4,18.6,17.9,17.2,16.6,16,15.5,15.1,14.7,14.3,18.8,13.3,12.6,11.9,11.3,14.6,10.6,10.3,9.8,9.3,8.8,8.3,7.9,7.5,7.1,6.8,6.6,6.3,
Lower middle income,LMC,"Mortality rate, infant, male (per 1,000 live births)",SP.DYN.IMRT.MA.IN,,,,,,,,,,,,,,,,,,,,,,,,,,,,,,,87.7,85.7,83.8,82,80.3,78.5,76.7,74.6,72.5,70.6,68.2,66,63.8,61.6,60.1,57.9,56.1,54.2,52.6,50.7,49.1,47.4,45.9,44.4,43.1,41.7,40.6,39.5,38.3,37.3,36.3,35.3,
Low & middle income,LMY,"Mortality rate, infant, male (per 1,000 live births)",SP.DYN.IMRT.MA.IN,,,,,,,,,,,,,,,,,,,,,,,,,,,,,,,74.98216375,75.03931255,74.12741762,73.02311266,71.90165001,70.36474363,68.9466469,67.324552,65.61110556,63.90310026,61.66420412,59.75011455,57.69486104,55.6641524,53.83910148,51.75483665,49.94929299,48.05592736,46.34002435,44.65630026,43.22010197,41.82728013,40.18540707,39.18045164,37.89680035,37.07545124,35.93973237,34.96740283,34.70083805,34.10564969,33.79804339,33.30769541,
Lesotho,LSO,"Mortality rate, infant, male (per 1,000 live births)",SP.DYN.IMRT.MA.IN,147.5,146.7,146.8,147.4,148,148.7,148.4,147.6,145.9,143.6,141,138.2,135.3,132.1,128.9,125.1,120.8,116.2,111.6,106.8,102.2,97.7,93.5,89.8,86.6,83.7,81.1,79,77,75.5,74.2,73.3,73,73.1,73.7,74,74.1,73.9,74,74.4,75,75.5,76.1,77,78.1,79.5,79.8,78.3,81,76.9,73.7,71,71.2,71.3,70.1,69.5,69.2,68.1,66.8,65.9,64.4,62.6,
Late-demographic dividend,LTE,"Mortality rate, infant, male (per 1,000 live births)",SP.DYN.IMRT.MA.IN,,,,,,,,,,,,,,,,,,,,,,,,,,,,,,,43.11398641,42.40247872,41.57968494,40.61378056,39.31042589,38.05305261,36.56636934,35.03357504,33.37955506,31.64951577,29.8734782,27.89794427,25.94971422,24.05872218,22.37851856,20.70827023,19.22182623,17.82314095,16.60964758,15.56362524,14.53038315,13.69714927,12.79002093,12.09793657,11.32355551,10.73468436,10.15431958,9.526514744,9.273565387,8.919308382,8.732063219,8.483837008,
Lithuania,LTU,"Mortality rate, infant, male (per 1,000 live births)",SP.DYN.IMRT.MA.IN,,,,,,,,24.1,23.3,22.1,20.5,19,18.5,19,20,20.4,20.3,19.9,19.4,18.9,18.3,17.7,17.1,16.7,16.2,15.5,14.5,13.4,12.5,12.3,13.1,14.7,15.9,15.8,14.7,13.3,11.8,10.8,10.2,9.8,9.4,9,8.6,8.4,8.2,7.9,7.5,7,6.4,5.8,5.3,4.8,4.5,4.4,4.4,4.3,4.1,3.9,3.6,3.3,3.1,2.9,
Luxembourg,LUX,"Mortality rate, infant, male (per 1,000 live births)",SP.DYN.IMRT.MA.IN,35.9,34,32.2,30.5,28.9,27.4,26,24.8,23.5,22.4,21.2,20.1,18.9,17.8,16.7,15.8,14.9,14.2,13.5,13,12.5,12.1,11.6,11.2,10.8,10.4,10,9.6,9.1,8.6,8.1,7.6,7.1,6.6,6.2,5.7,5.3,5,4.7,4.4,4.1,3.8,3.6,3.4,3.2,3,2.9,2.8,2.7,2.6,2.5,2.5,2.5,2.5,2.5,2.5,2.5,2.5,2.5,2.5,2.5,2.4,
Latvia,LVA,"Mortality rate, infant, male (per 1,000 live births)",SP.DYN.IMRT.MA.IN,,,,,,,,,,,,,,,,,,,,17.3,17.4,17.4,17.2,16.7,15.9,15,14,13.5,13.3,13.8,14.7,15.9,17,17.4,17.4,17.1,16.6,15.7,14.5,13.4,12.5,11.7,11.1,10.5,9.8,9.3,8.7,8.3,7.8,7.4,6.9,6.5,6,5.4,5,4.6,4.3,4,3.8,3.6,3.5,3.4,
"Macao SAR, China",MAC,"Mortality rate, infant, male (per 1,000 live births)",SP.DYN.IMRT.MA.IN,,,,,,,,,,,,,,,,,,,,,,,,,,,,,,,,,,,,,,,,,,,,,,,,,,,,,,,,,,,,,,,
St. Martin (French part),MAF,"Mortality rate, infant, male (per 1,000 live births)",SP.DYN.IMRT.MA.IN,,,,,,,,,,,,,,,,,,,,,,,,,,,,,,,,,,,,,,,,,,,,,,,,,,,,,,,,,,,,,,,
Morocco,MAR,"Mortality rate, infant, male (per 1,000 live births)",SP.DYN.IMRT.MA.IN,156.9,154.2,151.7,149,146.3,143.5,140.7,137.8,135.1,132.5,130.1,127.8,125.7,123.3,120.7,117.7,114.4,110.7,107.2,103.6,100.2,96.6,93.1,89.7,86.3,82.9,79.6,76.5,73.7,71.1,68.6,66.3,64,61.8,59.7,57.6,55.6,53.6,51.7,49.9,48.2,46.3,44.5,42.7,40.8,38.9,36.9,34.9,33.1,31.3,29.5,27.9,26.4,24.9,23.6,22.3,21.1,20.1,19.3,18.4,17.7,17,
Monaco,MCO,"Mortality rate, infant, male (per 1,000 live births)",SP.DYN.IMRT.MA.IN,,,,,,,,,,,,,,,,,,,,,,,,,,6.3,5.9,5.5,5.1,4.8,4.5,4.2,4,3.9,3.6,3.3,3.1,2.8,2.6,2.3,2.1,1.9,1.8,1.7,1.6,1.6,1.5,1.5,1.4,1.4,1.4,1.3,1.3,1.3,1.3,1.3,1.2,1.2,1.1,1.1,1.1,1.1,
Moldova,MDA,"Mortality rate, infant, male (per 1,000 live births)",SP.DYN.IMRT.MA.IN,,,,,,,,,,,,54.6,53.2,52,50.7,49.5,48.3,47.1,46,44.9,43.9,42.8,41.5,40,38.3,36.6,35,33.4,32.2,31.3,30.9,31.2,31.9,33.1,34.2,35,35.2,34.7,33.4,31.5,29.1,26.5,24.1,21.9,20.2,18.9,17.9,17.3,16.9,16.6,16.3,16.1,15.8,15.6,15.3,15.1,14.8,14.6,14.3,14.1,13.8,13.5,
Madagascar,MDG,"Mortality rate, infant, male (per 1,000 live births)",SP.DYN.IMRT.MA.IN,,,,,,,,,98,99,100,100.9,102,103.2,104.4,105.8,107.1,107.9,108.9,109.7,110.9,112.1,113.3,114.1,114.3,113.9,112.6,110.5,107.7,104.8,101.9,99,96.2,93.6,90.8,88,85.1,82.1,79,76,73.1,70.4,67.9,65.5,63.2,61.1,59.1,57.3,55.6,54.1,52.9,51.9,51.1,50.5,50.1,49.8,49.7,49.6,49.7,49.8,49.9,49.9,
Maldives,MDV,"Mortality rate, infant, male (per 1,000 live births)",SP.DYN.IMRT.MA.IN,,,,,,219,212.1,205.2,198.3,191.2,183.9,176.4,168.4,160.3,152.2,144.3,136.9,129.9,123.4,117.3,111.6,106.1,101,96.2,91.6,87.3,83.2,79.2,75.5,72,68.6,65.3,62.1,58.9,55.8,52.5,49.1,45.7,42.2,38.6,35.1,31.6,28.3,25.3,23.6,20.3,18.4,16.7,15.3,14.2,13.2,12.3,11.5,10.7,9.9,9.2,8.5,7.8,7.1,6.5,6,5.5,
Middle East & North Africa,MEA,"Mortality rate, infant, male (per 1,000 live births)",SP.DYN.IMRT.MA.IN,,,,,,,,,,,,,,,,,,,,,,,,,,,,,,,53.3,51.5,49.8,48.2,46.7,45.2,43.5,42,40.4,38.8,37.2,35.6,34.2,32.8,31.5,30.2,29,27.7,26.5,25.5,24.6,24,23.8,23.3,22.7,22.1,21.6,20.9,20.6,20.3,19.9,19.6,
Mexico,MEX,"Mortality rate, infant, male (per 1,000 live births)",SP.DYN.IMRT.MA.IN,114.7,110.6,106.8,103.2,99.9,96.6,93.6,90.7,87.9,85.1,82.5,79.9,77.4,74.9,72.5,70.1,67.8,65.4,63.1,60.9,58.7,56.5,54.4,52.3,50.3,48.4,46.5,44.7,43,41.3,39.7,38.1,36.5,35,33.6,32.2,30.9,29.6,28.4,27.2,26.1,25,24.1,23.1,22.3,21.5,20.7,20,19.3,18.6,18,17.4,16.9,16.4,15.9,15.3,14.8,14.3,13.9,13.4,12.9,12.5,
Marshall Islands,MHL,"Mortality rate, infant, male (per 1,000 live births)",SP.DYN.IMRT.MA.IN,92.5,88.7,85,81.7,78.5,75.7,73.1,70.5,68.2,65.9,63.8,61.8,60.1,58.7,57.7,56.9,56.3,55.8,55.2,54.5,53.8,53,52,50.8,49.7,48.4,47.2,45.9,44.5,43.2,41.7,40.4,39.2,38.1,37.4,37,36.9,37,37.3,37.5,37.7,37.7,37.7,37.5,37.3,37,36.8,36.5,36.2,35.9,35.7,35.3,34.8,34.1,33.4,32.6,31.9,31.1,30.4,29.5,28.7,27.7,
Middle income,MIC,"Mortality rate, infant, male (per 1,000 live births)",SP.DYN.IMRT.MA.IN,,,,,,,,,,,,,,,,,,,,,,,,,,,,,,,70.03238837,69.98168375,68.96966919,67.71616689,66.33422829,64.87488839,63.37341771,61.71221387,60.02278921,58.34729113,56.1926904,54.37711067,52.40742331,50.45401136,48.77980522,46.75788906,45.0368612,43.24655666,41.65355179,40.00961482,38.59477813,37.25186832,35.61635955,34.63295146,33.31421173,32.50057871,31.39853097,30.4372234,30.18468482,29.58537545,29.27397345,28.79470068,
North Macedonia,MKD,"Mortality rate, infant, male (per 1,000 live births)",SP.DYN.IMRT.MA.IN,,,,,,,,,,,,,,,,,,,,,,55.4,52.9,50.1,48.3,47.7,46.9,44.7,41.6,38.2,35.3,33.1,31.6,30.1,27.4,23.5,20.2,18.5,17.6,16.7,15.3,14.2,13.7,13.8,13.7,13.1,12.4,11.7,11.1,10.4,9.8,9.4,9.5,10,10.5,10.6,10.2,9,7.5,6.3,5.4,4.9,
Mali,MLI,"Mortality rate, infant, male (per 1,000 live births)",SP.DYN.IMRT.MA.IN,,,,220.8,217.4,213.9,210.5,207.3,204.3,201.5,198.4,195.4,192.2,188.8,184.9,181,177,172.9,168.9,165,161,157.2,153.4,149.6,146,142.3,139,136.3,133.9,131.6,129.4,127.4,125.5,123.8,122.2,120.4,118.6,116.5,114.1,111.6,108.8,106.2,103.2,100.3,97.6,95.1,92.7,90.4,88.3,86.3,84.3,82.5,80.7,79.1,77.5,75.8,74.2,72.6,71.1,69.6,68.2,66.7,
Malta,MLT,"Mortality rate, infant, male (per 1,000 live births)",SP.DYN.IMRT.MA.IN,39.5,37.4,36,34.9,34,33.1,32.2,31.1,29.8,28.6,27.2,25.9,24.6,23.3,22,20.9,19.8,18.8,17.9,17.2,16.5,15.9,15.3,14.7,14.1,13.5,12.9,12.4,11.9,11.4,11,10.6,10.2,9.8,9.4,9,8.6,8.3,7.9,7.5,7.3,7,6.8,6.7,6.6,6.5,6.5,6.5,6.5,6.5,6.4,6.4,6.4,6.3,6.3,6.2,6.1,6,5.9,5.7,5.6,5.4,
Myanmar,MMR,"Mortality rate, infant, male (per 1,000 live births)",SP.DYN.IMRT.MA.IN,,,,,,,,,133,130.9,128.6,126.6,124.4,122.2,120,117.8,115.5,113.3,111.2,109.1,107.1,105,103.2,101.4,99.8,98,96.5,94.9,93.2,91.5,89.8,88,86.2,84.3,82.4,80.6,78.7,76.8,75.1,73.3,71.7,70,68.3,66.6,64.8,63,61.1,59.3,68.7,55.4,53.5,51.6,49.7,48,46.4,44.9,43.5,42.1,40.8,39.6,38.4,37.3,
Middle East & North Africa (excluding high income),MNA,"Mortality rate, infant, male (per 1,000 live births)",SP.DYN.IMRT.MA.IN,,,,,,,,,,,,,,,,,,,,,,,,,,,,,,,55.72845217,53.90590262,52.28107186,50.7129731,49.36387605,47.95717305,46.37292055,44.83696993,43.23363561,41.58429806,39.94456663,38.23300821,36.65429886,35.18494545,33.73916697,32.35770521,31.02977451,29.68640767,28.44540975,27.40495472,26.53998111,25.8635278,25.59833993,25.1079247,24.46388992,23.8181005,23.32410749,22.58480071,22.34624533,22.08440617,21.62726063,21.35857144,
Montenegro,MNE,"Mortality rate, infant, male (per 1,000 live births)",SP.DYN.IMRT.MA.IN,,,,,,,,,,,,,,,,,,,,,,,,,26.4,23.9,21.7,19.7,18,16.7,15.7,15,14.6,14.4,14.3,14.3,14.3,14.2,14.1,13.8,13.4,12.9,12.2,11.4,10.6,9.8,9,8.3,7.5,6.8,6.2,5.5,5,4.5,4.1,3.7,3.3,3,2.7,2.4,2.2,2,
Mongolia,MNG,"Mortality rate, infant, male (per 1,000 live births)",SP.DYN.IMRT.MA.IN,,,,,,,,,,,,,,,,,,,134.3,130.3,126.4,122.6,119,115.4,111.7,107.9,104,100.2,96.2,92.4,89,85.7,82.7,79.8,76.9,73.8,70.7,67.3,63.7,60.1,56.2,52.3,48.4,44.7,41.1,37.8,34.8,32,29.4,27,24.9,23.1,21.7,20.5,19.5,18.6,17.7,16.9,16.1,15.3,14.7,14.1,
Northern Mariana Islands,MNP,"Mortality rate, infant, male (per 1,000 live births)",SP.DYN.IMRT.MA.IN,,,,,,,,,,,,,,,,,,,,,,,,,,,,,,,,,,,,,,,,,,,,,,,,,,,,,,,,,,,,,,,
Mozambique,MOZ,"Mortality rate, infant, male (per 1,000 live births)",SP.DYN.IMRT.MA.IN,,,,,190.4,191.3,192,192.7,193.1,193.2,193.3,192.9,192.3,191.6,190.8,189.9,188.9,188.2,187.9,187.9,187.9,188,187.4,186.1,184.3,182.1,179.5,177.2,175,172.7,170.4,167.9,165.1,161.6,157.4,151.9,145.6,138.5,131.2,123.9,117,110.4,104.6,99.5,95,90.9,87.1,81.8,79.2,76,75.6,72.1,69.8,67.6,66.2,64.5,63,60.8,59.2,57.5,56.4,54.8,
Mauritania,MRT,"Mortality rate, infant, male (per 1,000 live births)",SP.DYN.IMRT.MA.IN,139.5,136.6,133.9,131,128.3,125.2,122.3,119.2,116.4,114.1,112.6,112,112,112.2,112.2,111.5,110.3,108.6,106.4,104.2,101.9,99.7,97.5,95.1,92.4,89.4,86.4,83.6,81.3,79.6,78.4,77.6,77,76.5,76.1,75.7,75.1,74.3,73.1,71.5,69.4,67,64.2,61.2,58.2,55.4,52.8,50.6,48.7,47.2,45.9,44.9,43.9,43,42.1,41.1,40.1,39.2,38.3,37.3,36.4,35.6,
Mauritius,MUS,"Mortality rate, infant, male (per 1,000 live births)",SP.DYN.IMRT.MA.IN,78.2,74.5,69.6,65.6,64.7,67.3,71.2,73.7,73.6,70.6,66.1,62.6,62,62.6,60.4,54.5,47.9,43.1,40.3,38.5,37,34.9,31.6,28.4,26.8,27.2,28,27.8,26.4,24.5,22.9,21.7,21.1,21.2,21.8,22.6,23.1,22.9,22,20.5,18.8,17.2,16.1,15.4,15.1,14.9,14.7,14.4,14,13.8,13.8,14,14.2,14.2,14.2,14.1,14.2,14.6,15.2,15.9,16.5,16.9,
Malawi,MWI,"Mortality rate, infant, male (per 1,000 live births)",SP.DYN.IMRT.MA.IN,,,,,,,225.7,224.5,223.1,221.4,218.9,215.5,211,205.4,199.3,193.2,186.9,180.4,173.5,166.8,161.4,156.8,153.9,153.5,155,157.2,158.9,159.4,157.8,154.5,150.1,145.1,139.7,134.4,130.1,126.3,123.4,120.7,117.3,112.8,106.8,99.4,91.1,83.1,76.2,70.9,67.5,65.2,62,59.8,57.7,53.9,50.9,47.8,45.2,43.1,41.2,39.6,38.2,36.9,35.8,34.9,
Malaysia,MYS,"Mortality rate, infant, male (per 1,000 live births)",SP.DYN.IMRT.MA.IN,74.1,69.9,66,62.6,59.5,56.8,54.4,52.4,50.7,49,47.4,45.6,43.7,41.7,39.6,37.4,35.4,33.4,31.5,29.6,27.8,26.1,24.5,23,21.7,20.5,19.3,18.3,17.4,16.5,15.8,15,14.3,13.7,13.1,12.7,12.2,11.8,11.1,10.3,9.6,8.9,8.3,8,7.8,7.7,7.6,7.6,7.6,7.6,7.6,7.6,7.5,7.5,7.6,7.6,7.6,7.6,7.5,7.3,7.2,7,
North America,NAC,"Mortality rate, infant, male (per 1,000 live births)",SP.DYN.IMRT.MA.IN,,,,,,,,,,,,,,,,,,,,,,,,,,,,,,,10.2,9.9,9.5,9.1,8.8,8.5,8.2,8.1,7.9,7.7,7.6,7.6,7.5,7.5,7.4,7.3,7.2,7.1,6.9,6.8,6.7,6.6,6.5,6.4,6.3,6.2,6.1,6.1,6,5.9,5.8,5.7,
Namibia,NAM,"Mortality rate, infant, male (per 1,000 live births)",SP.DYN.IMRT.MA.IN,,,,,,,,66.4,66.7,66.9,67.2,67.5,67.8,68.2,68.6,69.1,69.6,70.1,70.4,70.4,70.1,69.2,67.9,66.2,64.2,62,59.9,57.8,56,54.4,53,51.8,51,50.6,50.7,51.1,51.6,51.8,51.1,50.1,49,48.1,47.3,46.8,46.1,42.7,40.9,41.4,41.4,42.4,40.4,40.7,41.9,39.5,36.7,36.5,35.8,35.1,34.5,33.8,33.1,32.3,
New Caledonia,NCL,"Mortality rate, infant, male (per 1,000 live births)",SP.DYN.IMRT.MA.IN,,,,,,,,,,,,,,,,,,,,,,,,,,,,,,,,,,,,,,,,,,,,,,,,,,,,,,,,,,,,,,,
Niger,NER,"Mortality rate, infant, male (per 1,000 live births)",SP.DYN.IMRT.MA.IN,,,,,,,,136.9,138.2,139.8,141.4,143,144.3,145.2,145.6,145.3,144.2,142.6,140.9,139.4,138.5,138.5,139.1,140.4,142.1,143.5,144.4,144.6,143.9,142.5,140.4,138.2,135.4,132,127.6,122.9,118.3,114.3,110.7,107.4,104,100.6,96.7,92.7,88.7,84.8,81.1,78,75.2,72.9,71,69.4,68.2,67.2,66.5,65.9,65.5,65.1,64.8,64.6,64.4,64,
Nigeria,NGA,"Mortality rate, infant, male (per 1,000 live births)",SP.DYN.IMRT.MA.IN,,,,,206.8,202.3,197.8,193.5,189,184.3,179.6,174.5,169.5,164.2,158.9,153.8,149.1,144.8,141,137.8,135.3,133.4,132.3,132,132.1,132.6,133.2,133.8,134.2,134.4,134.5,134.2,133.6,132.8,131.8,130.6,128.9,126.6,124.3,121.3,118,115,112,109.2,106.4,103.5,100.8,98,95.6,93.6,91.8,90.4,89.2,88.2,87.1,86.1,84.9,83.6,82,80.2,78.5,76.7,
Nicaragua,NIC,"Mortality rate, infant, male (per 1,000 live births)",SP.DYN.IMRT.MA.IN,143.6,142.5,141.3,139.9,138.6,137.1,135.4,133.8,131.8,129.5,127.2,124.7,129.6,118.1,114.2,109.8,104.9,99.8,94.7,89.6,84.9,80.5,76.4,72.9,69.7,66.9,64.5,62.3,60.2,58.2,56,53.9,51.6,49.4,47.1,44.9,42.7,40.6,41.3,36.8,35,33.5,32,30.6,29.3,28.1,27,25.9,24.8,23.8,22.8,21.8,20.8,19.9,18.9,18,17,16.1,15.2,14.3,13.4,12.7,
Netherlands,NLD,"Mortality rate, infant, male (per 1,000 live births)",SP.DYN.IMRT.MA.IN,18.6,18.1,17.6,17.2,16.8,16.4,16,15.6,15.2,14.7,14.3,13.7,13.2,12.7,12.2,11.8,11.3,10.9,10.5,10.2,9.9,9.6,9.4,9.2,9.1,8.9,8.6,8.4,8.2,7.9,7.7,7.4,7.1,6.8,6.6,6.4,6.2,6,5.9,5.8,5.7,5.5,5.4,5.3,5.1,4.9,4.7,4.5,4.4,4.2,4.1,4,3.9,3.8,3.8,3.8,3.8,3.8,3.8,3.8,3.8,3.8,
Norway,NOR,"Mortality rate, infant, male (per 1,000 live births)",SP.DYN.IMRT.MA.IN,20.7,20.2,19.7,19.2,18.6,18,17.3,16.7,16,15.5,15,14.4,13.8,13.2,12.5,11.8,11.2,10.5,9.9,9.5,9.1,9,8.9,9,9.1,9.2,9.3,9.2,8.9,8.4,7.8,7.2,6.5,6,5.5,5.2,4.9,4.7,4.6,4.5,4.4,4.2,4.1,3.9,3.8,3.6,3.5,3.3,3.2,3.1,2.9,2.8,2.7,2.6,2.5,2.4,2.3,2.3,2.2,2.1,2,1.9,
Nepal,NPL,"Mortality rate, infant, male (per 1,000 live births)",SP.DYN.IMRT.MA.IN,225.2,222.3,218.9,214.8,210.6,205.9,201.5,197,192.5,188.3,184.1,180,176.1,172.3,168.6,165,161.5,157.8,154,149.8,145.6,141.3,137.1,133,128.7,124.4,120.1,115.7,111.2,106.6,102,97.4,92.8,88.3,84.3,80.3,76.4,72.9,69.5,66,62.8,59.7,56.9,54.2,51.7,49.4,47.3,45.2,43.3,41.4,39.6,37.9,36.2,34.7,33.2,31.7,30.3,29,27.8,26.7,25.7,24.9,
Nauru,NRU,"Mortality rate, infant, male (per 1,000 live births)",SP.DYN.IMRT.MA.IN,,,,,,,,,,,,,,,,,,,,,,,,,,68.4,65.7,63,60.5,58.2,55.9,53.6,51.3,49.1,47,45.2,43.4,41.8,40.3,39,37.8,36.8,36,35.3,34.8,34.5,34.4,34.4,34.3,34.2,33.8,33.2,32.5,31.8,31.1,30.4,29.7,28.8,28.1,27.2,26.4,25.6,
New Zealand,NZL,"Mortality rate, infant, male (per 1,000 live births)",SP.DYN.IMRT.MA.IN,25.4,24.5,23.6,22.7,21.9,21.3,20.8,20.3,19.9,19.5,19.1,18.7,18.3,17.9,17.5,17,16.4,15.9,15.4,14.9,14.4,14,13.6,13.3,13,12.6,12.3,11.8,11.4,10.8,10.2,9.7,9.1,8.7,8.3,7.9,7.6,7.4,7.1,6.9,6.7,6.6,6.4,6.3,6.1,6,5.9,5.9,5.8,5.7,5.7,5.6,5.4,5.3,5.1,5,4.8,4.7,4.6,4.5,4.4,4.3,
OECD members,OED,"Mortality rate, infant, male (per 1,000 live births)",SP.DYN.IMRT.MA.IN,,,,,,,,,,,,,,,,,,,,,,,,,,,,,,,19.05574768,18.34716259,17.56498348,16.91550193,16.19893479,15.52484333,14.81312396,14.12830579,13.49142846,12.92673087,12.29049421,11.89211467,11.35242592,10.86993374,10.46152842,10.08290627,9.654532751,9.27575192,8.900734341,8.605742467,8.288073884,8.04638191,7.811849221,7.623945543,7.397537406,7.15639543,6.946576125,6.796407485,6.630583142,6.422493683,6.251771123,6.040440045,
Oman,OMN,"Mortality rate, infant, male (per 1,000 live births)",SP.DYN.IMRT.MA.IN,,,,230.2,219.7,209.4,199.7,189.9,180.5,171.2,162.1,153.7,145.6,137.7,129.8,122.2,114.7,107.1,99.5,92.1,84.9,78.1,71.6,65.4,59.6,54.4,49.6,45.3,41.4,37.9,34.8,31.9,29.1,26.7,24.5,22.5,20.8,19.2,17.8,16.6,15.5,14.5,13.7,13,12.5,12,11.7,11.5,11.3,11.2,11.1,11,10.8,10.7,10.6,10.5,10.4,10.3,10.2,10,9.8,9.5,
Other small states,OSS,"Mortality rate, infant, male (per 1,000 live births)",SP.DYN.IMRT.MA.IN,,,,,,,,,,,,,,,,,,,,,,,,,,,,,,,69.91988008,69.07069604,68.10505046,67.65091811,67.44754785,67.31371496,66.61959455,65.93700543,64.9331745,63.59533148,62.21344402,61.2859362,60.33568975,59.40086504,58.38995341,57.03769667,55.41206207,54.49175041,53.66472443,51.9693684,50.21980607,48.88612435,47.54156946,46.17215801,44.76263949,43.42005328,42.16759601,40.94631819,39.70046348,38.71999131,37.77103232,37.03888152,
Pakistan,PAK,"Mortality rate, infant, male (per 1,000 live births)",SP.DYN.IMRT.MA.IN,193.9,187.1,180.7,174.6,169.2,164.4,160.3,156.6,153.2,150.2,147.4,144.9,142.5,140.3,138.5,136.8,135.1,133.7,132.4,131.1,129.8,128.4,127,125.5,123.9,122.4,120.8,119.2,117.1,115.1,113.1,111,108.9,106.5,104.1,101.7,99.3,97,94.8,92.6,90.5,88.6,87,85.5,84.1,82.9,81.7,80.4,79.1,77.7,76.2,74.5,72.9,71.2,69.5,67.7,65.8,64.2,62.4,60.8,59.1,57.5,
Panama,PAN,"Mortality rate, infant, male (per 1,000 live births)",SP.DYN.IMRT.MA.IN,72.3,70.4,68.6,66.7,65,63.3,61.6,60.1,58.5,56.8,54.9,52.9,50.8,48.8,46.9,45.1,43.6,42.2,41,39.8,38.7,37.6,36.4,35.3,34.2,33.1,32.1,31.2,30.3,29.5,28.7,28.1,27.5,27,26.6,26.2,25.8,25.4,25,24.6,24.2,23.7,23.1,22.6,22,21.5,21,20.4,19.9,19.3,18.7,18.2,17.6,17.1,16.6,16,15.6,15.1,14.6,14.1,13.6,13.1,
Peru,PER,"Mortality rate, infant, male (per 1,000 live births)",SP.DYN.IMRT.MA.IN,146.2,143,139.6,136.2,132.4,128.6,125.1,121.8,118.5,115.5,122.7,109.9,107.2,104.4,101.5,98.9,96.7,94.7,92.9,91.2,89.6,87.7,85.6,83.1,80.2,77,73.5,70.2,67,64,61,58.1,55.1,52.1,49,46,42.9,40,37.1,34.3,31.8,29.5,27.5,25.6,24,22.5,21.2,20,18.9,17.9,17,16.2,15.6,15,14.5,14.1,13.7,13.3,13,12.7,12.3,12,
Philippines,PHL,"Mortality rate, infant, male (per 1,000 live births)",SP.DYN.IMRT.MA.IN,71.5,69.7,68.3,66.9,65.7,64.6,63.7,62.7,61.9,61.2,60.7,60.3,60.2,60.2,60.2,60.2,60.2,60.1,59.9,59.6,59.1,58.5,57.8,56.9,56,54.8,53.2,51.4,49.3,47.2,45,42.9,40.9,39.2,37.7,36.3,35.2,34.2,33.3,32.6,32,31.4,30.9,30.3,29.8,29.3,28.9,28.4,28.1,27.7,27.4,27.1,26.8,26.5,26.2,25.9,25.5,25,24.5,23.9,23.2,22.6,
Palau,PLW,"Mortality rate, infant, male (per 1,000 live births)",SP.DYN.IMRT.MA.IN,,,,,,,,,,,,,,,,,,,,,,,,,,33.9,33.5,33.3,33.1,33.1,33.1,33,32.7,32.3,31.8,31.2,30.6,29.9,29.4,28.8,28.2,27.7,27.3,26.9,26.5,26.1,25.7,25.2,24.7,24.1,23.5,22.8,22.2,21.5,20.9,20.3,19.6,19.1,18.4,17.9,17.3,16.7,
Papua New Guinea,PNG,"Mortality rate, infant, male (per 1,000 live births)",SP.DYN.IMRT.MA.IN,139.9,136.1,132.2,128.4,124.8,121.2,117.8,114.4,111.1,107.8,104.7,101.7,98.7,95.9,93.3,90.8,88.3,86.2,84,82,80.1,78.3,76.7,75.1,73.6,72.2,70.9,69.7,68.5,67.3,66.2,65.1,64,63.1,62.1,61.2,60.3,59.4,58.6,57.8,57,56.2,55.5,54.7,53.8,52.9,52.1,51.1,50.2,49.2,48.3,47.3,46.4,45.3,44.4,43.4,42.4,41.4,40.3,39.3,38.4,37.3,
Poland,POL,"Mortality rate, infant, male (per 1,000 live births)",SP.DYN.IMRT.MA.IN,64.5,59.3,55.4,52,48.5,45.5,42.6,40.3,38.6,37.4,35.9,34.2,32.4,30.7,28.9,27.8,27,26.3,25.6,24.8,24,23.3,22.5,21.7,20.8,20,19.3,18.6,18.1,17.6,17,16.5,15.9,15.4,14.7,13.8,12.6,11.3,10.3,9.5,8.8,8.3,8,7.7,7.4,7.1,6.9,6.6,6.3,5.9,5.6,5.3,5.1,4.9,4.7,4.6,4.5,4.4,4.2,4.1,4,4,
Pre-demographic dividend,PRE,"Mortality rate, infant, male (per 1,000 live births)",SP.DYN.IMRT.MA.IN,,,,,,,,,,,,,,,,,,,,,,,,,,,,,,,117.9022382,116.8070679,115.6677775,114.5287459,113.0732301,111.6219509,109.9247055,107.8476292,105.6013459,103.09464,100.2786146,97.35417016,94.3615382,91.35696517,88.33287518,85.43369808,82.70683072,80.10069882,77.73067959,75.50957945,73.512138,71.6187808,69.90977139,68.2439351,66.7563552,65.34561661,63.92263667,62.52481868,61.07318692,59.65779018,58.29009123,56.91472949,
Puerto Rico,PRI,"Mortality rate, infant, male (per 1,000 live births)",SP.DYN.IMRT.MA.IN,,,,,,,,,,,,,,,,,,,,,,,,,,,,,,,,,,,,,,,,,,,,,,,,,,,,,,,,,,,,,,,
"Korea, Dem. People's Rep.",PRK,"Mortality rate, infant, male (per 1,000 live births)",SP.DYN.IMRT.MA.IN,,,,,,,,,,,,,,,,,,,,,,,,,,30.6,30.3,30.6,31.9,33.9,36.8,40.6,45.1,49.8,54.4,58.1,60.1,60,58,54,48.7,43,37.7,33.5,30.6,29.2,28.6,28.4,27.9,26.9,25.5,23.7,21.9,20.2,18.8,17.6,16.7,15.9,15.1,14.4,12.8,11.2,
Portugal,PRT,"Mortality rate, infant, male (per 1,000 live births)",SP.DYN.IMRT.MA.IN,90.7,88.4,85.1,80.2,75.4,71.6,68.7,66.7,65.3,63.8,60.9,56.8,51.9,47.6,43.9,40.2,36.6,33.2,30.1,27.5,25.4,23.6,22.1,20.7,19.5,18.4,17.2,16.1,14.9,13.8,12.8,11.7,10.7,9.7,8.9,8.2,7.7,7.2,6.8,6.5,6,5.6,5.1,4.6,4.2,3.9,3.7,3.6,3.5,3.4,3.3,3.3,3.2,3.2,3.2,3.3,3.3,3.2,3.2,3.1,2.9,2.8,
Paraguay,PRY,"Mortality rate, infant, male (per 1,000 live births)",SP.DYN.IMRT.MA.IN,65.4,64.9,64.5,64.1,63.9,63.7,63.5,63.1,62.8,62.4,62,61.5,61,60.4,59.7,58.9,58,57,56,54.8,53.5,52.2,50.8,49.4,47.9,46.4,45,43.6,42.2,40.9,39.6,38.3,37.2,36,35.1,34.1,33.3,32.5,31.8,31.1,30.5,29.9,29.2,28.6,28,27.3,26.7,26,25.3,24.7,24,23.3,22.6,22,21.3,20.7,20.1,19.4,18.8,18.2,17.7,17.1,
West Bank and Gaza,PSE,"Mortality rate, infant, male (per 1,000 live births)",SP.DYN.IMRT.MA.IN,,,,,,,,,,,,,,,,79.7,75.6,71.7,68.1,64.6,61.3,58.3,55.4,52.7,50.1,47.6,45.4,43.2,41.2,39.4,37.8,36.3,35,33.7,32.5,31.5,30.4,29.4,28.6,27.7,27,26.2,25.6,24.9,24.2,23.6,22.9,22.2,21.5,20.9,20.2,19.6,18.9,18.3,18.5,17,16.4,15.9,15.3,14.8,14.3,13.8,
Pacific island small states,PSS,"Mortality rate, infant, male (per 1,000 live births)",SP.DYN.IMRT.MA.IN,,,,,,,,,,,,,,,,,,,,,,,,,,,,,,,32.09180937,31.19165093,30.32167898,29.50599334,28.85761978,28.18562505,27.64239066,27.13246925,26.70832276,26.24975329,25.90214971,25.54655572,25.3566718,25.07791138,25.05939916,25.11022583,25.11270907,25.10087386,25.0066844,25.04797627,24.63284158,24.36038244,24.05631114,23.77530643,23.47994491,23.20201138,22.98600297,22.72485321,22.4826335,22.23166063,21.91223051,21.53398194,
Post-demographic dividend,PST,"Mortality rate, infant, male (per 1,000 live births)",SP.DYN.IMRT.MA.IN,,,,,,,,,,,,,,,,,,,,,,,,,,,,,,,9.966057359,9.604567423,9.231448048,8.820742965,8.37541275,7.981182555,7.616042273,7.327073285,7.05952238,6.849802346,6.623134008,6.457196725,6.297885912,6.193522986,6.046486493,5.906614006,5.773926718,5.657995546,5.514206986,5.378722563,5.183896629,5.074168713,4.964451205,4.857376959,4.776181161,4.701830779,4.626022063,4.59097318,4.524837725,4.451466699,4.366637128,4.297781688,
French Polynesia,PYF,"Mortality rate, infant, male (per 1,000 live births)",SP.DYN.IMRT.MA.IN,,,,,,,,,,,,,,,,,,,,,,,,,,,,,,,,,,,,,,,,,,,,,,,,,,,,,,,,,,,,,,,
Qatar,QAT,"Mortality rate, infant, male (per 1,000 live births)",SP.DYN.IMRT.MA.IN,,,,,,,,,,57.8,54.4,51.4,48.4,45.7,43.2,40.9,38.9,37,35.3,33.7,32.2,30.9,29.6,28.3,27,25.7,24.4,23.1,21.8,20.5,19.2,18,16.8,15.8,14.9,14.1,13.5,12.9,12.5,12,11.6,11.1,10.7,10.3,10,9.6,9.3,9.1,8.8,8.6,8.4,8.3,8,7.8,7.5,7.1,6.7,6.3,5.9,5.5,5.1,4.8,
Romania,ROU,"Mortality rate, infant, male (per 1,000 live births)",SP.DYN.IMRT.MA.IN,78.7,72.1,63.9,55.8,50,49.3,53.8,59.4,60.7,57,51.6,46.3,42.4,40.2,39,37.7,35.8,34,32.8,32.2,31.4,30,28.4,27.3,26.8,27.4,28.8,30.1,29.9,28.6,27.1,26,25.3,24.8,24.5,24.4,24.2,23.7,22.5,21,19.9,19.3,18.9,18.7,18.3,17.3,15.8,14.3,13.2,12.4,11.7,11.1,10.5,9.9,9.2,8.5,7.8,7.2,6.7,6.3,5.9,5.6,
Russian Federation,RUS,"Mortality rate, infant, male (per 1,000 live births)",SP.DYN.IMRT.MA.IN,,,,,,,,,,,34.3,32.9,31.6,30.3,29.2,28.2,27.4,26.7,26.1,25.6,25.2,24.8,24.3,23.8,23.3,22.9,22.3,21.6,20.8,20.2,19.9,19.8,19.9,20,20.2,20.1,19.9,19.5,19,18.3,17.7,16.9,15.8,14.6,13.6,12.6,11.6,10.8,10.1,9.6,9.3,9.1,8.8,8.5,7.9,7.4,6.7,6.1,5.6,5.2,4.8,4.5,
Rwanda,RWA,"Mortality rate, infant, male (per 1,000 live births)",SP.DYN.IMRT.MA.IN,139.3,136.5,134.4,133.2,132.9,132.8,133.2,134.2,135.9,138,139.9,141.6,143.8,147,150.9,154.8,157.9,158.3,154.6,147.2,137.8,127.9,119,112.6,108,104.5,101.5,98.9,96.8,96.2,98.1,103.3,110.7,119.6,197.1,136.8,138.3,136.2,131.5,124.7,116,106.2,96.1,86.8,78,70.6,64.2,59,54.5,51.1,47.9,44.4,42.5,40.6,39.1,37.9,36.9,36,35,34.1,33.3,32.5,
South Asia,SAS,"Mortality rate, infant, male (per 1,000 live births)",SP.DYN.IMRT.MA.IN,,,,,,,,,,,,,,,,,,,,,,,,,,,,,,,95.8,93.2,90.5,87.9,85.3,82.7,80.2,77.5,74.9,72.8,70.1,67.5,65,62.8,61.2,59,57.2,55.2,53.3,51.5,49.5,47.7,45.9,44.1,42.4,40.6,38.9,37.5,35.9,34.6,33.3,32,
Saudi Arabia,SAU,"Mortality rate, infant, male (per 1,000 live births)",SP.DYN.IMRT.MA.IN,,,,,,,,,,,,,114.2,107.7,101.5,95.8,90.3,85.1,80.2,75.6,71.3,67.1,63.3,59.6,56.1,52.7,49.4,46.2,43.1,40.3,37.6,35,32.7,30.6,28.6,26.8,25.1,23.5,22.1,20.8,19.6,18.5,17.5,16.5,15.6,14.7,13.9,13.1,12.3,11.6,10.9,10.2,9.6,9,8.5,8,7.5,7.1,6.7,6.4,6.1,5.9,
Sudan,SDN,"Mortality rate, infant, male (per 1,000 live births)",SP.DYN.IMRT.MA.IN,114.6,113,111.5,110,108.7,107.4,106.2,105.2,104.4,103.6,103,102.5,102,101.5,101,100.5,100,99.4,98.8,98.3,97.8,97.4,96.9,121.6,120.4,119.2,94.5,93.7,92.7,91.6,90.4,89.1,87.8,86.5,85,83.6,82,80.4,78.4,76.4,74.3,72.2,70.1,68.1,66.1,64.2,62.4,60.7,59.3,57.8,56.5,55.2,54,52.7,51.5,50.4,49.2,47.9,46.7,45.6,44.5,43.3,
Senegal,SEN,"Mortality rate, infant, male (per 1,000 live births)",SP.DYN.IMRT.MA.IN,136.1,136.2,136.6,136.9,137.2,137.2,137.2,136.8,136.1,135.1,133.6,131.7,129.3,126.5,123.3,119.9,115.9,111.9,108.1,104.7,101.8,99.3,96.9,94.4,92,89.3,86.2,83,80.3,78.1,76.7,76,75.9,76.2,76.7,77.3,77.6,77.6,77.2,76.1,74.4,71.9,68.9,65.6,62.2,59,56.2,53.7,51.4,49.5,47.6,45.9,44.3,42.8,41.2,39.8,38.3,37,35.7,34.6,33.5,32.6,
Singapore,SGP,"Mortality rate, infant, male (per 1,000 live births)",SP.DYN.IMRT.MA.IN,39.6,36.8,34.6,32.9,31.8,30.9,29.7,28.2,26.7,25.5,24.4,23.3,22.1,20.3,18,15.8,14.4,13.9,13.8,13.7,13.4,12.7,11.8,10.9,10.2,9.6,9.1,8.6,8,7.3,6.6,6,5.4,4.9,4.5,4.3,4.1,3.9,3.7,3.5,3.3,3,2.9,2.7,2.6,2.5,2.5,2.4,2.4,2.4,2.4,2.4,2.4,2.4,2.4,2.4,2.4,2.3,2.2,2.1,2,1.9,
Solomon Islands,SLB,"Mortality rate, infant, male (per 1,000 live births)",SP.DYN.IMRT.MA.IN,123.1,118.2,113.5,108.9,104.3,99.7,95.2,90.5,85.8,81.1,76.4,71.9,67.7,63.8,60.2,59.7,53.9,51.2,48.8,46.5,44.7,42.9,41.5,40.2,39,38,37,36.1,35.2,34.5,33.7,32.9,32.1,31.3,30.6,29.9,29.3,28.8,28.4,27.9,27.6,27.3,27,26.8,26.6,26.4,26,25.6,25.1,24.6,24,23.4,22.8,22.2,21.6,21,20.4,19.8,19.2,18.6,18.1,17.5,
Sierra Leone,SLE,"Mortality rate, infant, male (per 1,000 live births)",SP.DYN.IMRT.MA.IN,234.4,231.3,228.1,224.9,221.4,218.1,214.8,211.6,208.3,205.3,202.2,199.3,196.4,193.9,191.2,188.8,186.3,184.1,182,180.1,178.2,176.5,174.8,173.2,171.9,170.4,169.2,168.1,167.1,166.1,165.2,164.4,163.4,162.1,160.6,158.7,156.4,154.2,151.7,148.9,146.4,143.6,140.8,137.8,134.5,131.4,128,124.7,121.2,117.5,114.1,110.8,107.7,104.7,104.7,107.3,96.8,94.2,91.7,89.1,86.8,84.4,
El Salvador,SLV,"Mortality rate, infant, male (per 1,000 live births)",SP.DYN.IMRT.MA.IN,133.9,131.4,128.9,126.6,124.3,122.4,120.2,118.2,116.2,114.1,111.9,109.7,107.4,104.9,102.2,99.1,96,92.5,89,85.4,89.3,78.2,74.5,70.9,67.4,64.1,61,58,55.3,52.8,50.3,48,45.7,43.5,41.3,39.1,37,35.1,33.2,31.5,29.9,28.4,27,25.6,24.3,23.1,22,20.9,19.9,19,18.1,17.3,16.5,15.7,15.1,14.5,13.9,13.4,13,12.6,12.1,11.7,
San Marino,SMR,"Mortality rate, infant, male (per 1,000 live births)",SP.DYN.IMRT.MA.IN,,,,,,,,,,,,,,,,,,,,,,,,,,22.2,20.2,18.3,16.6,15.1,13.7,12.4,11.2,10.2,9.2,8.4,7.7,7,6.4,5.8,5.4,5,4.6,4.3,4,3.7,3.5,3.3,3.1,2.9,2.7,2.6,2.5,2.3,2.2,2.1,2,1.9,1.9,1.8,1.7,1.6,
Somalia,SOM,"Mortality rate, infant, male (per 1,000 live births)",SP.DYN.IMRT.MA.IN,,,,,,,,,,,,,,,,,,,,,,,,,123.3,121.9,120.8,119.9,118.7,117,115.1,113.1,111.7,111,110.8,110.9,110.8,110.8,110.9,110.9,111,110.9,110.9,110.9,111,111,110.6,109.6,107.7,105.3,102.6,99.9,97.4,94.9,92.3,89.7,87.5,85.2,83,80.5,78.4,76.4,
Serbia,SRB,"Mortality rate, infant, male (per 1,000 live births)",SP.DYN.IMRT.MA.IN,,,,,,,,,,,,,,,,,,,,,,,,,36.7,35.4,34.2,32.6,30.4,28,25.9,24.3,22.8,21.5,20.1,18.5,16.6,15,13.7,12.9,12.3,11.7,11.1,10.3,9.5,8.8,8.3,7.9,7.7,7.5,7.3,7.1,6.8,6.5,6.3,6,5.8,5.6,5.5,5.4,5.3,5.2,
Sub-Saharan Africa (excluding high income),SSA,"Mortality rate, infant, male (per 1,000 live births)",SP.DYN.IMRT.MA.IN,,,,,,,,,,,,,,,,,,,,,,,,,,,,,,,114.9258529,113.9025326,112.9697503,112.0362435,111.7685095,109.4956687,107.9500869,106.1456424,103.9390227,101.4605186,98.75071713,95.83766723,92.86419477,89.84874914,86.82432187,83.90506037,81.1835167,78.50108899,75.94382126,73.68925387,71.56091667,69.61458667,67.80452029,66.11982225,64.59440798,63.12457222,61.65867977,60.21449117,58.71414198,57.29661481,56.01817492,54.71496708,
South Sudan,SSD,"Mortality rate, infant, male (per 1,000 live births)",SP.DYN.IMRT.MA.IN,,,,,,,,,,,,,,,,,,,185.2,182.9,180.9,179,176.7,174.6,172.3,170.1,167.4,164.9,162.4,159.5,156.3,153.3,150,146.3,142.4,138.2,134.1,129.8,125.3,120.4,115.5,110.7,105.9,101.3,96.9,92.8,88.8,85,81.5,78.2,75,72.1,70,69.1,68.8,68.9,69,69,68.9,69,68.9,68.9,
Sub-Saharan Africa,SSF,"Mortality rate, infant, male (per 1,000 live births)",SP.DYN.IMRT.MA.IN,,,,,,,,,,,,,,,,,,,,,,,,,,,,,,,114.9,113.9,113,112.1,111.8,109.5,108,106.2,104,101.5,98.8,95.9,92.9,89.9,86.8,83.9,81.2,78.5,76,73.7,71.6,69.6,67.8,66.1,64.6,63.1,61.7,60.2,58.7,57.3,56,54.7,
Small states,SST,"Mortality rate, infant, male (per 1,000 live births)",SP.DYN.IMRT.MA.IN,,,,,,,,,,,,,,,,,,,,,,,,,,,,,,,59.72108183,58.9284616,58.05462708,57.51502138,57.2747211,56.99210657,56.54694231,55.92737177,55.17429056,54.27219159,53.39397437,52.64535176,51.93932464,51.22162889,50.43212789,49.43362985,48.18732813,47.62267714,46.96729908,45.66643894,44.35033742,43.27847684,42.18388185,41.09320382,39.93504479,38.79572358,37.8032565,36.81253212,35.78803239,34.96128743,34.13356573,33.44627389,
Sao Tome and Principe,STP,"Mortality rate, infant, male (per 1,000 live births)",SP.DYN.IMRT.MA.IN,,,,,,68,66.3,64.6,63.4,62.6,62.2,62.3,62.5,62.9,63.3,63.7,64,64.2,64.5,64.9,65.4,66.2,67.2,68.4,69.8,71.2,76.4,73.6,74.6,75.6,76.2,76.6,76.6,76.2,75.2,73.7,71.7,69.3,66.5,63.3,60.1,56.7,53.3,50.1,46.9,43.8,40.9,38.3,35.7,33.3,31,28.8,26.7,24.6,22.6,20.8,19,17.4,16.2,15.1,14.3,13.5,
Suriname,SUR,"Mortality rate, infant, male (per 1,000 live births)",SP.DYN.IMRT.MA.IN,,,,,,,,,,,,,,,,,,,,,,,,53.1,51.5,50,48.5,47.1,45.7,44.3,42.9,41.6,40.3,39,37.8,36.5,35.3,34.1,33,31.9,30.9,29.9,29,28.1,27.3,26.5,25.8,25.1,24.5,23.9,23.3,22.7,22.1,21.6,21,20.5,19.9,19.4,18.8,18.2,17.7,17.2,
Slovak Republic,SVK,"Mortality rate, infant, male (per 1,000 live births)",SP.DYN.IMRT.MA.IN,,,,,,,,,,,,,,,,,,,,,,21.4,20.5,19.6,18.7,17.9,17.1,16.3,15.6,14.9,14.2,13.6,13,12.4,11.9,11.3,10.8,10.3,9.8,9.4,9,8.7,8.3,8,7.8,7.5,7.3,7,6.8,6.6,6.4,6.2,6,5.9,5.7,5.6,5.5,5.4,5.3,5.2,5.1,5.1,
Slovenia,SVN,"Mortality rate, infant, male (per 1,000 live births)",SP.DYN.IMRT.MA.IN,,,,,,,,,,,,,,,,,,,,,,17.1,16.2,15.3,14.5,13.7,12.8,12,11.2,10.4,9.8,9.1,8.5,7.9,7.3,6.8,6.4,6,5.6,5.3,5,4.7,4.4,4.2,4,3.7,3.5,3.3,3.2,3,2.8,2.7,2.6,2.5,2.4,2.3,2.2,2.1,2.1,2,1.9,1.9,
Sweden,SWE,"Mortality rate, infant, male (per 1,000 live births)",SP.DYN.IMRT.MA.IN,18.5,18.1,17.6,17,16.2,15.5,14.8,14.2,13.7,13.3,12.8,12.3,11.7,11.1,10.4,9.8,9.3,8.9,8.5,8.2,7.9,7.6,7.4,7.3,7.1,7,7,6.9,6.8,6.7,6.5,6.2,5.7,5.3,4.8,4.5,4.2,4,3.9,3.8,3.8,3.7,3.6,3.5,3.4,3.2,3.1,3,2.9,2.8,2.7,2.7,2.6,2.6,2.6,2.6,2.5,2.5,2.4,2.3,2.3,2.2,
Eswatini,SWZ,"Mortality rate, infant, male (per 1,000 live births)",SP.DYN.IMRT.MA.IN,150.3,148.2,145.8,143.4,140.9,138.3,135.7,133,130.5,127.8,125,121.9,118.5,114.9,111.2,107.3,103.3,99.5,95.8,92.2,88.6,84.9,81.1,83.4,73.6,70,66.7,63.7,61.1,59.1,57.6,57.1,57.7,59.3,61.8,65.2,68.4,70.6,72.4,73.5,74.5,75.7,76.5,77.2,76.8,76.4,67,67.9,70.2,67.1,64,59.9,59,57.9,58.6,55,52.9,53.9,49.9,48.4,48.8,45.8,
Sint Maarten (Dutch part),SXM,"Mortality rate, infant, male (per 1,000 live births)",SP.DYN.IMRT.MA.IN,,,,,,,,,,,,,,,,,,,,,,,,,,,,,,,,,,,,,,,,,,,,,,,,,,,,,,,,,,,,,,,
Seychelles,SYC,"Mortality rate, infant, male (per 1,000 live births)",SP.DYN.IMRT.MA.IN,79.3,78.3,77.3,76.1,74.8,73.1,71.2,68.9,66.2,63.1,59.8,56.4,53.1,49.6,46.2,42.7,39.3,35.9,32.8,29.8,27.2,24.8,22.9,21.2,19.9,18.7,17.8,17,16.2,15.6,15.1,14.6,14.1,13.8,13.5,13.2,13.1,12.9,12.8,12.8,12.8,12.8,12.8,12.8,12.8,12.9,12.9,13,13,13.1,13.1,13.2,13.3,13.3,13.4,13.4,13.5,13.5,13.5,13.3,13.1,12.9,
Syrian Arab Republic,SYR,"Mortality rate, infant, male (per 1,000 live births)",SP.DYN.IMRT.MA.IN,116.4,111.5,107.1,103,99.2,95.6,91.9,88.1,84.3,80.4,76.7,73.1,69.9,66.8,63.9,61.2,58.6,56.2,53.7,51.3,48.9,49.1,51,42.4,40.5,38.9,37.4,36,34.8,33.7,32.6,31.6,30.4,29.2,28,26.8,25.7,24.5,23.5,22.5,21.6,20.9,20.1,19.5,19,18.6,18.3,18.1,17.9,17.8,17.9,18.5,25.3,28.7,29.6,27.6,27,21,21.1,20.7,20.7,20.3,
Turks and Caicos Islands,TCA,"Mortality rate, infant, male (per 1,000 live births)",SP.DYN.IMRT.MA.IN,111.4,104.8,98.5,92.4,86.5,81,75.6,70.5,65.7,61,56.7,52.6,48.7,45.1,41.8,38.7,35.7,33,30.6,28.4,26.4,24.6,22.9,21.4,20,18.7,17.6,16.5,15.5,14.6,13.8,13.1,12.4,11.8,11.2,10.8,10.3,9.9,9.5,9.1,8.8,8.4,8.1,7.7,7.4,7,6.7,6.3,6,5.7,5.5,5.3,5,4.8,4.7,4.5,4.4,4.3,4.2,4.1,4,3.9,
Chad,TCD,"Mortality rate, infant, male (per 1,000 live births)",SP.DYN.IMRT.MA.IN,,,,,,,,,,,,,137.5,136.9,136.2,135.5,134.8,134.2,133.4,132.6,131.7,130.7,129.5,128.2,126.9,125.7,124.5,123.3,122.2,120.9,119.6,118.3,117.1,115.9,114.8,113.7,112.6,111.6,110.5,109.3,108,106.7,105.3,103.8,102.3,100.6,98.9,97.3,95.5,93.7,92,90.1,88.4,86.5,84.7,83,81.3,79.4,77.5,75.7,74,72.3,
East Asia & Pacific (IDA & IBRD countries),TEA,"Mortality rate, infant, male (per 1,000 live births)",SP.DYN.IMRT.MA.IN,,,,,,,,,,,,,,,,,,,,,,,,,,,,,,,48.9361543,48.75950961,47.81003085,46.66720064,45.26135821,43.84729899,42.34291523,40.8022863,39.12266196,37.43343261,35.55443638,33.8286021,31.94491901,30.04458183,28.53116465,26.48554233,24.9524203,23.48002982,22.48369169,20.86431444,19.80367686,18.89693371,17.65834422,16.99692668,16.0283646,15.50954921,14.60287285,13.89968765,13.9554208,13.61099282,13.77909726,13.68120744,
Europe & Central Asia (IDA & IBRD countries),TEC,"Mortality rate, infant, male (per 1,000 live births)",SP.DYN.IMRT.MA.IN,,,,,,,,,,,,,,,,,,,,,,,,,,,,,,,39.49697831,39.37406762,39.46487692,39.47147863,38.94791518,38.42163992,37.21785365,35.86291423,34.36974221,32.68961475,30.75458572,28.94870557,27.05278745,25.19835578,23.7036054,22.27066545,20.88541576,19.56049204,18.29739941,17.21108693,16.32473301,15.49588037,14.64620669,13.99824629,13.26656296,12.61053716,11.92180138,11.42437071,11.05059302,10.74542496,10.37339837,10.01925071,
Togo,TGO,"Mortality rate, infant, male (per 1,000 live births)",SP.DYN.IMRT.MA.IN,167.6,166,164.1,162.3,160.2,158.1,155.7,153.1,150.4,147.6,144.7,141.8,138.9,136.1,133,130.1,127.1,124.2,121.4,118.7,116.1,113.6,111.2,109,107,105.3,103.6,102.2,100.9,99.6,98.4,97.2,96.2,95.1,93.8,92.5,90.9,88.9,87,84.9,82.9,80.7,78.6,76.5,74.4,72.5,70.5,68.7,66.9,65.2,63.5,61.8,60.3,58.7,57.1,55.6,54.1,52.7,51.3,50,48.7,47.6,
Thailand,THA,"Mortality rate, infant, male (per 1,000 live births)",SP.DYN.IMRT.MA.IN,108.2,104.9,101.6,98.4,95.4,92.3,89.3,86.2,83.2,80.2,77.2,74.3,71.4,68.6,65.9,63.3,60.8,58.4,56.1,53.9,51.8,49.8,47.8,45.9,44,42.2,40.4,38.7,37,35.2,33.6,32,30.5,29.1,27.7,26.5,25.2,24.1,23,21.9,20.9,19.9,18.9,18,17.2,16.4,15.6,14.9,14.2,13.6,13,12.4,11.8,11.3,10.8,10.3,9.8,9.3,8.9,8.5,8.1,7.8,
Tajikistan,TJK,"Mortality rate, infant, male (per 1,000 live births)",SP.DYN.IMRT.MA.IN,,,,,,,,,,,,,126.8,123.2,119.6,116.3,113.7,111.7,110.1,109.2,108.6,108.1,107.4,106.1,104,101,97.3,93.5,90.4,88.6,88.5,90.6,93.8,96.6,97.2,95.8,92.9,89.1,84.7,79.9,74.9,70,65.2,60.6,56.4,52.7,49.5,46.9,44.8,43,41.6,40.5,39.4,38.5,37.6,36.7,35.8,34.9,33.9,32.9,32,31.1,
Turkmenistan,TKM,"Mortality rate, infant, male (per 1,000 live births)",SP.DYN.IMRT.MA.IN,,,,,,,,,,,,,,,,,,113.7,110.2,106.6,103.2,99.7,96.3,92.7,89.3,85.9,82.6,79.6,77,75,73.5,72.8,72.8,73.2,73.7,74.1,73.8,72.8,71.2,68.7,65.7,62.6,59.4,56.4,53.5,50.9,48.6,46.6,45,43.7,42.8,42.1,41.8,41.6,41.6,42,42.3,42.5,42.5,42.2,41.5,40.9,
Latin America & the Caribbean (IDA & IBRD countries),TLA,"Mortality rate, infant, male (per 1,000 live births)",SP.DYN.IMRT.MA.IN,,,,,,,,,,,,,,,,,,,,,,,,,,,,,,,48.37767866,46.48902823,44.56367313,42.69498341,40.80721523,38.98027056,37.19688124,35.47475309,34.04195237,32.22627373,30.74337087,29.26821649,27.95597619,26.70362238,25.54521309,24.41937192,23.39669687,22.47342604,21.60665798,20.83683931,20.56824836,19.44119997,18.83261791,18.29685505,17.81733025,17.38125346,17.57618485,16.81467999,16.43528871,15.96439181,15.5133277,15.07600139,
Timor-Leste,TLS,"Mortality rate, infant, male (per 1,000 live births)",SP.DYN.IMRT.MA.IN,,,,,,,,,,,,,,,,,,,,,,,,,,171.4,164.1,157.2,150.6,144.4,138.7,133.3,128.1,123.2,118.4,113.8,109.3,104.9,100.7,96.7,92.6,88.9,85.3,81.7,78.4,75.3,72.4,69.7,67.2,65.1,63.2,61.5,59.9,58.5,57.1,55.6,54.2,52.6,51,49.6,48.1,46.7,
Middle East & North Africa (IDA & IBRD countries),TMN,"Mortality rate, infant, male (per 1,000 live births)",SP.DYN.IMRT.MA.IN,,,,,,,,,,,,,,,,,,,,,,,,,,,,,,,55.9584909,54.14032489,52.52070025,50.95859326,49.61930014,48.21734911,46.63512335,45.09627634,43.4850947,41.82539957,40.17042403,38.44289327,36.84681467,35.36055849,33.900835,32.50414039,31.16309807,29.80564202,28.55534166,27.50777029,26.64029326,25.96110418,25.70081749,25.21113455,24.55520569,23.92584505,23.43606041,22.69272807,22.46108747,22.20591991,21.7502,21.48657084,
Tonga,TON,"Mortality rate, infant, male (per 1,000 live births)",SP.DYN.IMRT.MA.IN,,,,64.1,60.8,57.7,54.6,51.6,48.6,45.8,43.3,40.9,38.8,36.9,35.2,33.7,32.3,31,29.7,28.6,27.6,26.8,26.1,25.4,24.8,24.3,23.8,23.2,22.6,21.9,21.1,20.4,19.7,19.1,18.6,18.1,17.8,17.5,17.1,16.8,16.4,15.9,15.5,15.1,14.6,14.3,13.9,13.5,13.2,13,12.7,12.5,12.3,12.2,12,11.9,11.8,11.6,11.4,11.2,10.9,10.7,
South Asia (IDA & IBRD),TSA,"Mortality rate, infant, male (per 1,000 live births)",SP.DYN.IMRT.MA.IN,,,,,,,,,,,,,,,,,,,,,,,,,,,,,,,95.77216328,93.16451909,90.51883421,87.97140288,85.31560997,82.70969901,80.20895123,77.54554382,74.9979058,72.81345636,70.11190901,67.46810826,65.04717876,62.81192758,61.21039838,59.00428554,57.23942088,55.2378773,53.31772484,51.55772189,49.53908203,47.7257098,45.94884219,44.18016774,42.46872674,40.67866112,38.97054353,37.49886967,35.99140681,34.69697262,33.32118672,32.07823585,
Sub-Saharan Africa (IDA & IBRD countries),TSS,"Mortality rate, infant, male (per 1,000 live births)",SP.DYN.IMRT.MA.IN,,,,,,,,,,,,,,,,,,,,,,,,,,,,,,,114.918922,113.8954466,112.9631699,112.0296024,111.761896,109.4898246,107.9444651,106.1405519,103.9342139,101.455887,98.74622253,95.83356662,92.8602048,89.8449332,86.82074715,83.90145493,81.18025488,78.49785128,75.94066161,73.68620517,71.55823785,69.61184386,67.80185696,66.11741107,64.59211861,63.12232494,61.65645664,60.21234664,58.71213478,57.29472894,56.01639926,54.71328939,
Trinidad and Tobago,TTO,"Mortality rate, infant, male (per 1,000 live births)",SP.DYN.IMRT.MA.IN,60.4,58.5,56.7,55.1,53.6,52.4,51.2,50.2,49.2,48.2,47.4,46.6,45.6,44.7,43.7,42.7,41.5,40.4,39.2,38,36.9,35.8,34.8,33.8,32.9,32.1,31.3,30.7,30,29.5,29,28.6,28.2,27.9,27.7,27.5,27.4,27.3,27.2,27.2,27.1,27,26.8,26.4,25.9,25.4,24.8,24.2,23.6,23,22.3,21.6,21,20.4,19.8,19.2,18.7,18.1,17.6,17,16.5,16,
Tunisia,TUN,"Mortality rate, infant, male (per 1,000 live births)",SP.DYN.IMRT.MA.IN,,,193.6,184.6,176,167.5,159.3,151.6,144.1,137.2,130.4,124.1,118.2,112.2,106.3,100.3,94.3,88.5,83.1,78.1,73.7,69.9,66.4,63.3,60.3,57.5,54.9,52.6,50.5,48.6,46.8,45.1,43.4,41.6,39.8,37.7,35.6,33.5,31.4,29.4,27.5,25.8,24.3,22.9,21.7,20.6,19.6,18.8,18.1,17.6,17.2,16.8,16.6,16.4,16.2,16.1,16,15.9,15.9,15.8,15.5,15.3,
Turkiye,TUR,"Mortality rate, infant, male (per 1,000 live births)",SP.DYN.IMRT.MA.IN,182.8,176.7,170.4,164.4,158.4,153,148.4,144,139.7,135.8,132,128.6,125.2,121.8,118.3,114.7,110.9,107,103,99,95,90.9,86.7,82.7,78.7,74.9,71.4,68,64.7,61.6,58.5,55.5,52.7,49.8,47.1,44.4,41.8,39.3,37,34.7,32.5,30.4,28.4,26.5,24.8,23.1,21.6,20.2,18.8,17.5,16.4,15.2,14.2,13.4,12.6,11.8,11.1,10.4,9.8,9.2,8.7,8.2,
Tuvalu,TUV,"Mortality rate, infant, male (per 1,000 live births)",SP.DYN.IMRT.MA.IN,124.7,119.8,115,110.5,106.1,101.9,97.8,93.8,90,86.4,82.7,79.1,75.5,71.9,68.5,65.3,62.4,59.7,57.5,55.4,53.7,52.1,50.8,49.7,48.8,48,47.4,47.1,46.8,46.4,46.1,45.7,45.2,44.6,43.8,43,42,41.1,40,39,38,37.2,36.5,35.9,35.2,34.5,33.6,32.5,31.4,30.2,29.1,28,27,26.1,25.3,24.5,23.7,23,22.3,21.5,20.8,20.2,
Tanzania,TZA,"Mortality rate, infant, male (per 1,000 live births)",SP.DYN.IMRT.MA.IN,150.6,149.4,148.3,147.1,145.7,144,142.1,140.2,138.4,136.6,134.6,132.7,130.7,128.5,126.2,124,121.4,118.9,116.5,114.8,113.7,113.1,112.8,112.7,112.4,111.8,110.8,109.6,108.1,106.4,104.9,103.5,102.3,101.3,100,98.3,96.2,93.6,90.6,86.8,82.5,78,73.7,69.6,65.9,62.4,59.8,56.8,54.8,52.4,50.7,49,47.6,46.4,45.3,44.3,43,41.4,40,39,37.9,37.1,
Uganda,UGA,"Mortality rate, infant, male (per 1,000 live births)",SP.DYN.IMRT.MA.IN,140.4,138.2,136.1,134.3,132.4,130.4,128.7,127,125.4,124.2,123.6,123.2,123.7,124.6,126.2,128.2,130.5,132.9,135,136.4,137.4,136.5,133.9,130.4,126.8,123.8,121.3,119.5,117.9,116.2,114,111.7,109.1,107.1,105.4,104.5,103.6,102.3,100.3,97.8,94.5,90.5,86.1,81.3,76.4,71.7,67.5,63.5,59.9,57.2,54.3,51.6,48.8,46.9,45.1,43.3,41.4,39.6,37.9,36.6,35.5,34.4,
Ukraine,UKR,"Mortality rate, infant, male (per 1,000 live births)",SP.DYN.IMRT.MA.IN,,,,,,,,,,,,29.4,28.7,27.9,27.2,26.6,26.1,25.7,25.3,24.9,24.3,23.7,23,22.3,21.5,20.8,20,19.4,18.9,18.5,18.3,18.3,18.4,18.7,18.9,19.1,19.2,19,18.6,18.1,17.4,16.7,15.9,15.2,14.5,13.8,13.3,12.8,12.3,11.7,11.2,10.6,10.1,9.6,9.2,8.9,8.6,8.4,8.2,8,7.8,7.7,
Upper middle income,UMC,"Mortality rate, infant, male (per 1,000 live births)",SP.DYN.IMRT.MA.IN,,,,,,,,,,,,,,,,,,,,,,,,,,,,,,,44.4,43.6,42.7,41.6,40.3,38.9,37.4,35.8,34.2,32.6,30.9,29.2,27.4,25.7,24.1,22.6,21.2,19.8,18.6,17.4,16.3,15.4,14.4,13.8,13,12.4,11.8,11.2,11,10.7,10.6,10.4,
Uruguay,URY,"Mortality rate, infant, male (per 1,000 live births)",SP.DYN.IMRT.MA.IN,62.3,61.3,60.1,58.9,57.9,57.3,56.7,56.2,55.6,54.7,53.5,52.5,52.4,53.1,53.9,53.9,52.9,50.3,47,42.9,38.7,35,32.3,30.4,28.9,27.9,26.8,25.7,24.5,23.3,22.4,21.7,21.3,21,20.7,20.2,19.6,18.8,18,17.2,16.6,16.2,15.8,15.3,14.7,13.9,13.1,12.3,11.5,10.9,10.4,10,9.7,9.3,9,8.6,8.1,7.6,7,6.5,5.9,5.5,
United States,USA,"Mortality rate, infant, male (per 1,000 live births)",SP.DYN.IMRT.MA.IN,29.2,28.6,28.1,27.5,26.8,26.1,25.4,24.7,24,23.2,22.3,21.4,20.6,19.6,18.7,17.7,16.8,16.1,15.3,14.6,14,13.4,12.9,12.4,12.1,11.9,11.6,11.3,11,10.7,10.4,10.1,9.7,9.4,9,8.7,8.4,8.2,8,7.9,7.8,7.7,7.6,7.6,7.5,7.4,7.3,7.2,7.1,7,6.8,6.7,6.6,6.5,6.4,6.3,6.2,6.2,6.1,6,5.9,5.8,
Uzbekistan,UZB,"Mortality rate, infant, male (per 1,000 live births)",SP.DYN.IMRT.MA.IN,,,,,,,,,,,,,,,,,,,,108.8,102.3,96.1,90.5,85.4,80.9,76.8,73.2,70.3,68.1,66.6,65.9,65.7,65.8,65.8,65.6,65.2,64.4,63.4,62,60,57.7,54.9,51.8,48.5,45.3,42.1,39,36,33.3,30.7,28.3,26.1,24.2,22.4,20.9,19.5,18.3,17.3,16.4,15.6,14.9,14.3,
St. Vincent and the Grenadines,VCT,"Mortality rate, infant, male (per 1,000 live births)",SP.DYN.IMRT.MA.IN,118.7,112.7,104.7,95.8,86.9,78.7,71.8,66.1,61.8,58.9,57.4,57.2,57.8,59,59.8,59.7,58.3,55.7,52,47.9,43.9,40.1,36.5,33.1,30.2,27.7,25.7,24,22.8,21.8,21.1,20.6,20.3,20.2,20.2,20.3,20.4,20.6,20.7,20.8,20.8,20.7,20.7,20.6,20.6,20.5,20.4,20.3,20.1,19.7,19.3,18.8,18.2,17.7,17.2,16.6,16.1,15.6,15.1,14.6,14.1,13.7,
"Venezuela, RB",VEN,"Mortality rate, infant, male (per 1,000 live births)",SP.DYN.IMRT.MA.IN,65.4,63.6,62,60.7,59.6,58.6,57.6,56.7,55.7,54.6,53.4,52,50.6,49.2,47.8,46.5,45.1,43.7,42.2,40.7,39.2,37.8,36.4,35.2,34,32.9,31.9,30.8,29.6,28.4,27.4,26.5,25.6,25.1,25,24.7,24,23.1,22.2,21.4,20.6,19.9,19.3,18.8,18.3,17.7,17.2,16.8,16.5,16.4,16.3,16.4,16.6,16.8,17.2,18.2,22.8,22.8,22.8,22.8,22.8,22.8,
British Virgin Islands,VGB,"Mortality rate, infant, male (per 1,000 live births)",SP.DYN.IMRT.MA.IN,80.9,77.1,73.4,69.2,65.2,61.2,57.6,54.3,51.3,48.8,46.5,44.7,43,41.6,40.3,39.1,37.8,36.5,35.1,33.6,32.1,30.4,28.8,27.2,25.7,24.2,22.9,21.7,20.7,19.9,19.2,18.7,18.2,17.8,17.5,17.2,16.9,16.7,16.5,16.3,16.2,16,15.9,15.8,15.7,15.6,15.5,15.4,15.2,14.9,14.7,14.4,14,13.7,13.3,12.9,12.6,12.2,11.8,11.5,11.1,10.7,
Virgin Islands (U.S.),VIR,"Mortality rate, infant, male (per 1,000 live births)",SP.DYN.IMRT.MA.IN,,,,,,,,,,,,,,,,,,,,,,,,,,,,,,,,,,,,,,,,,,,,,,,,,,,,,,,,,,,,,,,
Viet Nam,VNM,"Mortality rate, infant, male (per 1,000 live births)",SP.DYN.IMRT.MA.IN,,,,,64.2,63.8,63.3,62.8,62.2,61.8,61.2,60.6,59.9,59.2,58.4,57.5,56.7,55.7,54.7,53.7,52.8,51.8,50.9,50.1,49.3,48.4,47.4,46.3,45,43.6,42.1,40.5,38.9,37.3,35.6,33.9,32.3,30.8,29.4,28.2,27,26,25,24.2,23.5,22.9,22.3,21.9,21.5,21.2,21,20.7,20.5,20.3,20,19.8,19.6,19.4,19.2,19,18.8,18.6,
Vanuatu,VUT,"Mortality rate, infant, male (per 1,000 live births)",SP.DYN.IMRT.MA.IN,110.7,107.8,104.9,101.9,98.8,95.8,92.6,89.4,86.4,83.3,80.3,77.4,74.7,72.1,69.6,67.1,64.8,62.3,59.7,57.1,54.3,51.6,48.7,45.9,43.2,40.7,38.4,36.4,34.7,33.1,31.7,30.6,29.6,28.7,28,27.5,27.1,26.7,26.4,26.2,25.9,25.7,25.5,25.4,25.3,25.3,25.4,25.4,25.5,25.5,25.6,25.6,25.6,25.4,25,24.6,24.1,23.5,23,22.5,21.9,21.3,
World,WLD,"Mortality rate, infant, male (per 1,000 live births)",SP.DYN.IMRT.MA.IN,,,,,,,,,,,,,,,,,,,,,,,,,,,,,,,68.4,68.2,67.3,66.3,65.3,64,62.6,61.2,59.6,58,56,54.3,52.5,50.6,49,47.1,45.4,43.6,42.1,40.6,39.3,38.1,36.7,35.8,34.6,33.9,32.9,32.1,31.8,31.3,31,30.6,
Samoa,WSM,"Mortality rate, infant, male (per 1,000 live births)",SP.DYN.IMRT.MA.IN,82.3,79.5,77,74.7,79.6,70.3,68.1,65.9,63.6,61.2,58.9,56.6,54.3,52.2,50,47.9,45.9,43.9,42,40.2,38.6,37,35.6,34.3,33.1,31.9,30.8,29.8,28.9,28,27.2,26.4,25.7,24.9,24.1,23.4,22.6,21.9,21.2,20.5,19.9,19.3,18.8,18.5,18.2,18.1,18.1,18.2,18.2,20.5,18.2,18.1,18,17.9,17.7,17.5,17.4,17.2,16.9,16.6,16.2,15.8,
Kosovo,XKX,"Mortality rate, infant, male (per 1,000 live births)",SP.DYN.IMRT.MA.IN,,,,,,,,,,,,,,,,,,,,,,,,,,127.9,120.4,113,106,99.8,93.7,88.1,82.9,78,73.1,68.5,63.8,59.3,54.9,50.6,46.6,42.7,39.1,35.7,32.7,29.9,27.4,25.2,23.2,21.4,19.9,18.4,17.2,16,15,14.1,13.2,12.4,11.6,10.9,10.3,9.8,
"Yemen, Rep.",YEM,"Mortality rate, infant, male (per 1,000 live births)",SP.DYN.IMRT.MA.IN,,,,295.7,289.3,281.8,273.7,264.8,255.4,245.7,236.1,226.9,218.1,209.7,201.6,193.4,185,176.2,167.5,158.5,150.3,142.2,134.4,126.9,120.3,114.6,109.7,105.5,101.9,98.6,95.7,93.2,90.9,88.9,87.3,85.9,84.4,82.4,80.1,77.3,74.2,71,67.8,64.7,61.8,59,56.5,54.1,52,50.3,49.5,49.3,49.4,49.3,49.5,50.3,50.2,50.1,50.8,50.7,50,51,
South Africa,ZAF,"Mortality rate, infant, male (per 1,000 live births)",SP.DYN.IMRT.MA.IN,,,,,,,,,,,,,,,96.6,92.3,88.3,84.6,80.9,77.3,74.2,71.1,68.3,65.6,63.2,60.9,58.7,56.7,54.9,53.4,52.1,51,50.2,49.8,49.7,49.7,50,50.7,51.1,51.4,52.2,52.7,53.1,53.1,53,53.2,52.4,50.6,47.1,42.5,38.1,35.6,34.1,33.1,32.3,31.5,31,30.3,29.8,29.3,28.9,28.4,
Zambia,ZMB,"Mortality rate, infant, male (per 1,000 live births)",SP.DYN.IMRT.MA.IN,128.4,126.2,124.2,122.6,121.1,120.2,119.5,118.9,118.2,116.9,114.9,112.2,109,106.1,103.5,101.7,100.9,100.9,101.1,101.4,101.9,102.3,103.1,104.4,106.4,108.6,110.9,112.8,114.2,114.8,114.9,114.5,113.8,112.4,110.4,108.1,105.9,104,102,99.8,96.4,91.4,85.4,79.3,72.9,67.2,63.4,61.6,59.1,57.3,55.6,54.5,53.5,52.2,51.2,51.3,49.5,48,47.4,46.2,44.8,43.8,
Zimbabwe,ZWE,"Mortality rate, infant, male (per 1,000 live births)",SP.DYN.IMRT.MA.IN,101.9,99.5,97.2,94.9,92.6,90.3,88.1,86.1,84.5,83.2,82.3,81.6,81.2,81,81.1,81.2,81.4,81.4,81.1,80.1,78.5,75.9,72.6,68.8,65,61.6,58.9,57.1,56.3,56.5,57.1,57.8,58.5,59.4,60.4,61.6,61.9,61.3,60.3,58.9,57.9,57.4,57.4,57.4,58.6,59.5,61.6,62.7,62.1,60.9,58.2,56.5,51.8,49.8,47.7,46.6,44.9,43.6,42.1,41.1,40.5,39.6,
